"study_id","es_id","source_csv_row","arm_design","study_cluster_id","cohort_id","test_cluster_id","control_group_id","experimental_group_id","dep_shared_control","dep_shared_experimental","dep_repeated_measure","dep_multiple_outcomes_same_test","analysis_sample_size_unit","litter_count_used_in_model","litter_clustering_note","decision_status","decision_date","source"
"oliveira_2015_jbehavbraisci","es047",48,"Independent","oliveira_2015_jbehavbraisci","oliveira_2015_jbehavbraisci__C_IE","oliveira_2015_jbehavbraisci__ETM","oliveira_2015_jbehavbraisci__C","oliveira_2015_jbehavbraisci__IE","Yes","Yes","Yes","Yes","Reported offspring/pup count","No","Potential within-litter similarity is acknowledged, but dam/litter counts are not consistently available; retain the authors' reported pup n.","Approved","2026-08-13","included_studies/oliveira_2015_jbehavbraisci.pdf, Sections 2.1-2.5"
"oliveira_2015_jbehavbraisci","es048",49,"Independent","oliveira_2015_jbehavbraisci","oliveira_2015_jbehavbraisci__C_IE","oliveira_2015_jbehavbraisci__ETM","oliveira_2015_jbehavbraisci__C","oliveira_2015_jbehavbraisci__IE","Yes","Yes","Yes","Yes","Reported offspring/pup count","No","Potential within-litter similarity is acknowledged, but dam/litter counts are not consistently available; retain the authors' reported pup n.","Approved","2026-08-13","included_studies/oliveira_2015_jbehavbraisci.pdf, Sections 2.1-2.5"
"oliveira_2015_jbehavbraisci","es049",50,"Independent","oliveira_2015_jbehavbraisci","oliveira_2015_jbehavbraisci__C_IE","oliveira_2015_jbehavbraisci__ETM","oliveira_2015_jbehavbraisci__C","oliveira_2015_jbehavbraisci__IE","Yes","Yes","Yes","Yes","Reported offspring/pup count","No","Potential within-litter similarity is acknowledged, but dam/litter counts are not consistently available; retain the authors' reported pup n.","Approved","2026-08-13","included_studies/oliveira_2015_jbehavbraisci.pdf, Sections 2.1-2.5"
"oliveira_2015_jbehavbraisci","es050",51,"Independent","oliveira_2015_jbehavbraisci","oliveira_2015_jbehavbraisci__C_IE","oliveira_2015_jbehavbraisci__ETM","oliveira_2015_jbehavbraisci__C","oliveira_2015_jbehavbraisci__IE","Yes","Yes","Yes","Yes","Reported offspring/pup count","No","Potential within-litter similarity is acknowledged, but dam/litter counts are not consistently available; retain the authors' reported pup n.","Approved","2026-08-13","included_studies/oliveira_2015_jbehavbraisci.pdf, Sections 2.1-2.5"
"oliveira_2015_jbehavbraisci","es051",52,"Independent","oliveira_2015_jbehavbraisci","oliveira_2015_jbehavbraisci__C_IE","oliveira_2015_jbehavbraisci__ETM","oliveira_2015_jbehavbraisci__C","oliveira_2015_jbehavbraisci__IE","Yes","Yes","Yes","Yes","Reported offspring/pup count","No","Potential within-litter similarity is acknowledged, but dam/litter counts are not consistently available; retain the authors' reported pup n.","Approved","2026-08-13","included_studies/oliveira_2015_jbehavbraisci.pdf, Sections 2.1-2.5"
"oliveira_2015_jbehavbraisci","es052",53,"Independent","oliveira_2015_jbehavbraisci","oliveira_2015_jbehavbraisci__C_IE","oliveira_2015_jbehavbraisci__ETM","oliveira_2015_jbehavbraisci__C","oliveira_2015_jbehavbraisci__IE","Yes","Yes","Yes","Yes","Reported offspring/pup count","No","Potential within-litter similarity is acknowledged, but dam/litter counts are not consistently available; retain the authors' reported pup n.","Approved","2026-08-13","included_studies/oliveira_2015_jbehavbraisci.pdf, Sections 2.1-2.5"
"whitlow_1978_thesis","es094",95,"Independent","whitlow_1978_thesis","whitlow_1978_thesis__experiment1","whitlow_1978_thesis__OFT","whitlow_1978_thesis__HNoN","whitlow_1978_thesis__HN","Yes","Yes","Yes","Yes","Reported offspring/pup count","No","Potential within-litter similarity is acknowledged, but dam/litter counts are not consistently available; retain the authors' reported pup n.","Approved","2026-08-13","included_studies/whitlow_1978_thesis.pdf, Experiment 1 Methods"
"whitlow_1978_thesis","es095",96,"Independent","whitlow_1978_thesis","whitlow_1978_thesis__experiment1","whitlow_1978_thesis__OFT","whitlow_1978_thesis__HNoN","whitlow_1978_thesis__HLN","Yes","Yes","Yes","Yes","Reported offspring/pup count","No","Potential within-litter similarity is acknowledged, but dam/litter counts are not consistently available; retain the authors' reported pup n.","Approved","2026-08-13","included_studies/whitlow_1978_thesis.pdf, Experiment 1 Methods"
"whitlow_1978_thesis","es096",97,"Independent","whitlow_1978_thesis","whitlow_1978_thesis__experiment1","whitlow_1978_thesis__OFT","whitlow_1978_thesis__HNoN","whitlow_1978_thesis__HN","Yes","Yes","Yes","Yes","Reported offspring/pup count","No","Potential within-litter similarity is acknowledged, but dam/litter counts are not consistently available; retain the authors' reported pup n.","Approved","2026-08-13","included_studies/whitlow_1978_thesis.pdf, Experiment 1 Methods"
"whitlow_1978_thesis","es097",98,"Independent","whitlow_1978_thesis","whitlow_1978_thesis__experiment1","whitlow_1978_thesis__OFT","whitlow_1978_thesis__HNoN","whitlow_1978_thesis__HLN","Yes","Yes","Yes","Yes","Reported offspring/pup count","No","Potential within-litter similarity is acknowledged, but dam/litter counts are not consistently available; retain the authors' reported pup n.","Approved","2026-08-13","included_studies/whitlow_1978_thesis.pdf, Experiment 1 Methods"
"whitlow_1978_thesis","es098",99,"Independent","whitlow_1978_thesis","whitlow_1978_thesis__experiment1","whitlow_1978_thesis__OFT","whitlow_1978_thesis__HNoN","whitlow_1978_thesis__HN","Yes","Yes","Yes","Yes","Reported offspring/pup count","No","Potential within-litter similarity is acknowledged, but dam/litter counts are not consistently available; retain the authors' reported pup n.","Approved","2026-08-13","included_studies/whitlow_1978_thesis.pdf, Experiment 1 Methods"
"whitlow_1978_thesis","es099",100,"Independent","whitlow_1978_thesis","whitlow_1978_thesis__experiment1","whitlow_1978_thesis__OFT","whitlow_1978_thesis__HNoN","whitlow_1978_thesis__HLN","Yes","Yes","Yes","Yes","Reported offspring/pup count","No","Potential within-litter similarity is acknowledged, but dam/litter counts are not consistently available; retain the authors' reported pup n.","Approved","2026-08-13","included_studies/whitlow_1978_thesis.pdf, Experiment 1 Methods"
"whitlow_1978_thesis","es100",101,"Independent","whitlow_1978_thesis","whitlow_1978_thesis__experiment1","whitlow_1978_thesis__OFT","whitlow_1978_thesis__HNoN","whitlow_1978_thesis__HN","Yes","Yes","Yes","Yes","Reported offspring/pup count","No","Potential within-litter similarity is acknowledged, but dam/litter counts are not consistently available; retain the authors' reported pup n.","Approved","2026-08-13","included_studies/whitlow_1978_thesis.pdf, Experiment 1 Methods"
"whitlow_1978_thesis","es101",102,"Independent","whitlow_1978_thesis","whitlow_1978_thesis__experiment1","whitlow_1978_thesis__OFT","whitlow_1978_thesis__HNoN","whitlow_1978_thesis__HLN","Yes","Yes","Yes","Yes","Reported offspring/pup count","No","Potential within-litter similarity is acknowledged, but dam/litter counts are not consistently available; retain the authors' reported pup n.","Approved","2026-08-13","included_studies/whitlow_1978_thesis.pdf, Experiment 1 Methods"
"whitlow_1978_thesis","es102",103,"Independent","whitlow_1978_thesis","whitlow_1978_thesis__experiment1","whitlow_1978_thesis__OFT","whitlow_1978_thesis__HNoN","whitlow_1978_thesis__HN","Yes","Yes","Yes","Yes","Reported offspring/pup count","No","Potential within-litter similarity is acknowledged, but dam/litter counts are not consistently available; retain the authors' reported pup n.","Approved","2026-08-13","included_studies/whitlow_1978_thesis.pdf, Experiment 1 Methods"
"whitlow_1978_thesis","es103",104,"Independent","whitlow_1978_thesis","whitlow_1978_thesis__experiment1","whitlow_1978_thesis__OFT","whitlow_1978_thesis__HNoN","whitlow_1978_thesis__HLN","Yes","Yes","Yes","Yes","Reported offspring/pup count","No","Potential within-litter similarity is acknowledged, but dam/litter counts are not consistently available; retain the authors' reported pup n.","Approved","2026-08-13","included_studies/whitlow_1978_thesis.pdf, Experiment 1 Methods"
"whitlow_1978_thesis","es104",105,"Independent","whitlow_1978_thesis","whitlow_1978_thesis__experiment1","whitlow_1978_thesis__OFT","whitlow_1978_thesis__HNoN","whitlow_1978_thesis__HN","Yes","Yes","Yes","Yes","Reported offspring/pup count","No","Potential within-litter similarity is acknowledged, but dam/litter counts are not consistently available; retain the authors' reported pup n.","Approved","2026-08-13","included_studies/whitlow_1978_thesis.pdf, Experiment 1 Methods"
"whitlow_1978_thesis","es105",106,"Independent","whitlow_1978_thesis","whitlow_1978_thesis__experiment1","whitlow_1978_thesis__OFT","whitlow_1978_thesis__HNoN","whitlow_1978_thesis__HLN","Yes","Yes","Yes","Yes","Reported offspring/pup count","No","Potential within-litter similarity is acknowledged, but dam/litter counts are not consistently available; retain the authors' reported pup n.","Approved","2026-08-13","included_studies/whitlow_1978_thesis.pdf, Experiment 1 Methods"
"whitlow_1978_thesis","es106",107,"Independent","whitlow_1978_thesis","whitlow_1978_thesis__experiment1","whitlow_1978_thesis__OFT","whitlow_1978_thesis__HNoN","whitlow_1978_thesis__HN","Yes","Yes","Yes","Yes","Reported offspring/pup count","No","Potential within-litter similarity is acknowledged, but dam/litter counts are not consistently available; retain the authors' reported pup n.","Approved","2026-08-13","included_studies/whitlow_1978_thesis.pdf, Experiment 1 Methods"
"whitlow_1978_thesis","es107",108,"Independent","whitlow_1978_thesis","whitlow_1978_thesis__experiment1","whitlow_1978_thesis__OFT","whitlow_1978_thesis__HNoN","whitlow_1978_thesis__HLN","Yes","Yes","Yes","Yes","Reported offspring/pup count","No","Potential within-litter similarity is acknowledged, but dam/litter counts are not consistently available; retain the authors' reported pup n.","Approved","2026-08-13","included_studies/whitlow_1978_thesis.pdf, Experiment 1 Methods"
"whitlow_1978_thesis","es108",109,"Independent","whitlow_1978_thesis","whitlow_1978_thesis__experiment1","whitlow_1978_thesis__OFT","whitlow_1978_thesis__HNoN","whitlow_1978_thesis__HN","Yes","Yes","Yes","Yes","Reported offspring/pup count","No","Potential within-litter similarity is acknowledged, but dam/litter counts are not consistently available; retain the authors' reported pup n.","Approved","2026-08-13","included_studies/whitlow_1978_thesis.pdf, Experiment 1 Methods"
"whitlow_1978_thesis","es109",110,"Independent","whitlow_1978_thesis","whitlow_1978_thesis__experiment1","whitlow_1978_thesis__OFT","whitlow_1978_thesis__HNoN","whitlow_1978_thesis__HLN","Yes","Yes","Yes","Yes","Reported offspring/pup count","No","Potential within-litter similarity is acknowledged, but dam/litter counts are not consistently available; retain the authors' reported pup n.","Approved","2026-08-13","included_studies/whitlow_1978_thesis.pdf, Experiment 1 Methods"
"whitlow_1978_thesis","es110",111,"Independent","whitlow_1978_thesis","whitlow_1978_thesis__experiment1","whitlow_1978_thesis__OFT","whitlow_1978_thesis__HNoN","whitlow_1978_thesis__HN","Yes","Yes","Yes","Yes","Reported offspring/pup count","No","Potential within-litter similarity is acknowledged, but dam/litter counts are not consistently available; retain the authors' reported pup n.","Approved","2026-08-13","included_studies/whitlow_1978_thesis.pdf, Experiment 1 Methods"
"whitlow_1978_thesis","es111",112,"Independent","whitlow_1978_thesis","whitlow_1978_thesis__experiment1","whitlow_1978_thesis__OFT","whitlow_1978_thesis__HNoN","whitlow_1978_thesis__HLN","Yes","Yes","Yes","Yes","Reported offspring/pup count","No","Potential within-litter similarity is acknowledged, but dam/litter counts are not consistently available; retain the authors' reported pup n.","Approved","2026-08-13","included_studies/whitlow_1978_thesis.pdf, Experiment 1 Methods"
"whitlow_1978_thesis","es112",113,"Independent","whitlow_1978_thesis","whitlow_1978_thesis__experiment1","whitlow_1978_thesis__OFT","whitlow_1978_thesis__C","whitlow_1978_thesis__HN","Yes","Yes","Yes","Yes","Reported offspring/pup count","No","Potential within-litter similarity is acknowledged, but dam/litter counts are not consistently available; retain the authors' reported pup n.","Approved","2026-08-13","included_studies/whitlow_1978_thesis.pdf, Experiment 1 Methods"
"whitlow_1978_thesis","es113",114,"Independent","whitlow_1978_thesis","whitlow_1978_thesis__experiment1","whitlow_1978_thesis__OFT","whitlow_1978_thesis__C","whitlow_1978_thesis__HLN","Yes","Yes","Yes","Yes","Reported offspring/pup count","No","Potential within-litter similarity is acknowledged, but dam/litter counts are not consistently available; retain the authors' reported pup n.","Approved","2026-08-13","included_studies/whitlow_1978_thesis.pdf, Experiment 1 Methods"
"whitlow_1978_thesis","es114",115,"Independent","whitlow_1978_thesis","whitlow_1978_thesis__experiment1","whitlow_1978_thesis__OFT","whitlow_1978_thesis__C","whitlow_1978_thesis__HN","Yes","Yes","Yes","Yes","Reported offspring/pup count","No","Potential within-litter similarity is acknowledged, but dam/litter counts are not consistently available; retain the authors' reported pup n.","Approved","2026-08-13","included_studies/whitlow_1978_thesis.pdf, Experiment 1 Methods"
"whitlow_1978_thesis","es115",116,"Independent","whitlow_1978_thesis","whitlow_1978_thesis__experiment1","whitlow_1978_thesis__OFT","whitlow_1978_thesis__C","whitlow_1978_thesis__HLN","Yes","Yes","Yes","Yes","Reported offspring/pup count","No","Potential within-litter similarity is acknowledged, but dam/litter counts are not consistently available; retain the authors' reported pup n.","Approved","2026-08-13","included_studies/whitlow_1978_thesis.pdf, Experiment 1 Methods"
"whitlow_1978_thesis","es116",117,"Independent","whitlow_1978_thesis","whitlow_1978_thesis__experiment1","whitlow_1978_thesis__OFT","whitlow_1978_thesis__C","whitlow_1978_thesis__HN","Yes","Yes","Yes","Yes","Reported offspring/pup count","No","Potential within-litter similarity is acknowledged, but dam/litter counts are not consistently available; retain the authors' reported pup n.","Approved","2026-08-13","included_studies/whitlow_1978_thesis.pdf, Experiment 1 Methods"
"whitlow_1978_thesis","es117",118,"Independent","whitlow_1978_thesis","whitlow_1978_thesis__experiment1","whitlow_1978_thesis__OFT","whitlow_1978_thesis__C","whitlow_1978_thesis__HLN","Yes","Yes","Yes","Yes","Reported offspring/pup count","No","Potential within-litter similarity is acknowledged, but dam/litter counts are not consistently available; retain the authors' reported pup n.","Approved","2026-08-13","included_studies/whitlow_1978_thesis.pdf, Experiment 1 Methods"
"whitlow_1978_thesis","es118",119,"Independent","whitlow_1978_thesis","whitlow_1978_thesis__experiment1","whitlow_1978_thesis__OFT","whitlow_1978_thesis__C","whitlow_1978_thesis__HN","Yes","Yes","Yes","Yes","Reported offspring/pup count","No","Potential within-litter similarity is acknowledged, but dam/litter counts are not consistently available; retain the authors' reported pup n.","Approved","2026-08-13","included_studies/whitlow_1978_thesis.pdf, Experiment 1 Methods"
"whitlow_1978_thesis","es119",120,"Independent","whitlow_1978_thesis","whitlow_1978_thesis__experiment1","whitlow_1978_thesis__OFT","whitlow_1978_thesis__C","whitlow_1978_thesis__HLN","Yes","Yes","Yes","Yes","Reported offspring/pup count","No","Potential within-litter similarity is acknowledged, but dam/litter counts are not consistently available; retain the authors' reported pup n.","Approved","2026-08-13","included_studies/whitlow_1978_thesis.pdf, Experiment 1 Methods"
"whitlow_1978_thesis","es120",121,"Independent","whitlow_1978_thesis","whitlow_1978_thesis__experiment1","whitlow_1978_thesis__OFT","whitlow_1978_thesis__C","whitlow_1978_thesis__HN","Yes","Yes","Yes","Yes","Reported offspring/pup count","No","Potential within-litter similarity is acknowledged, but dam/litter counts are not consistently available; retain the authors' reported pup n.","Approved","2026-08-13","included_studies/whitlow_1978_thesis.pdf, Experiment 1 Methods"
"whitlow_1978_thesis","es121",122,"Independent","whitlow_1978_thesis","whitlow_1978_thesis__experiment1","whitlow_1978_thesis__OFT","whitlow_1978_thesis__C","whitlow_1978_thesis__HLN","Yes","Yes","Yes","Yes","Reported offspring/pup count","No","Potential within-litter similarity is acknowledged, but dam/litter counts are not consistently available; retain the authors' reported pup n.","Approved","2026-08-13","included_studies/whitlow_1978_thesis.pdf, Experiment 1 Methods"
"whitlow_1978_thesis","es122",123,"Independent","whitlow_1978_thesis","whitlow_1978_thesis__experiment1","whitlow_1978_thesis__OFT","whitlow_1978_thesis__C","whitlow_1978_thesis__HN","Yes","Yes","Yes","Yes","Reported offspring/pup count","No","Potential within-litter similarity is acknowledged, but dam/litter counts are not consistently available; retain the authors' reported pup n.","Approved","2026-08-13","included_studies/whitlow_1978_thesis.pdf, Experiment 1 Methods"
"whitlow_1978_thesis","es123",124,"Independent","whitlow_1978_thesis","whitlow_1978_thesis__experiment1","whitlow_1978_thesis__OFT","whitlow_1978_thesis__C","whitlow_1978_thesis__HLN","Yes","Yes","Yes","Yes","Reported offspring/pup count","No","Potential within-litter similarity is acknowledged, but dam/litter counts are not consistently available; retain the authors' reported pup n.","Approved","2026-08-13","included_studies/whitlow_1978_thesis.pdf, Experiment 1 Methods"
"whitlow_1978_thesis","es124",125,"Independent","whitlow_1978_thesis","whitlow_1978_thesis__experiment1","whitlow_1978_thesis__OFT","whitlow_1978_thesis__C","whitlow_1978_thesis__HN","Yes","Yes","Yes","Yes","Reported offspring/pup count","No","Potential within-litter similarity is acknowledged, but dam/litter counts are not consistently available; retain the authors' reported pup n.","Approved","2026-08-13","included_studies/whitlow_1978_thesis.pdf, Experiment 1 Methods"
"whitlow_1978_thesis","es125",126,"Independent","whitlow_1978_thesis","whitlow_1978_thesis__experiment1","whitlow_1978_thesis__OFT","whitlow_1978_thesis__C","whitlow_1978_thesis__HLN","Yes","Yes","Yes","Yes","Reported offspring/pup count","No","Potential within-litter similarity is acknowledged, but dam/litter counts are not consistently available; retain the authors' reported pup n.","Approved","2026-08-13","included_studies/whitlow_1978_thesis.pdf, Experiment 1 Methods"
"whitlow_1978_thesis","es126",127,"Independent","whitlow_1978_thesis","whitlow_1978_thesis__experiment1","whitlow_1978_thesis__OFT","whitlow_1978_thesis__C","whitlow_1978_thesis__HN","Yes","Yes","Yes","Yes","Reported offspring/pup count","No","Potential within-litter similarity is acknowledged, but dam/litter counts are not consistently available; retain the authors' reported pup n.","Approved","2026-08-13","included_studies/whitlow_1978_thesis.pdf, Experiment 1 Methods"
"whitlow_1978_thesis","es127",128,"Independent","whitlow_1978_thesis","whitlow_1978_thesis__experiment1","whitlow_1978_thesis__OFT","whitlow_1978_thesis__C","whitlow_1978_thesis__HLN","Yes","Yes","Yes","Yes","Reported offspring/pup count","No","Potential within-litter similarity is acknowledged, but dam/litter counts are not consistently available; retain the authors' reported pup n.","Approved","2026-08-13","included_studies/whitlow_1978_thesis.pdf, Experiment 1 Methods"
"whitlow_1978_thesis","es128",129,"Independent","whitlow_1978_thesis","whitlow_1978_thesis__experiment1","whitlow_1978_thesis__OFT","whitlow_1978_thesis__C","whitlow_1978_thesis__HN","Yes","Yes","Yes","Yes","Reported offspring/pup count","No","Potential within-litter similarity is acknowledged, but dam/litter counts are not consistently available; retain the authors' reported pup n.","Approved","2026-08-13","included_studies/whitlow_1978_thesis.pdf, Experiment 1 Methods"
"whitlow_1978_thesis","es129",130,"Independent","whitlow_1978_thesis","whitlow_1978_thesis__experiment1","whitlow_1978_thesis__OFT","whitlow_1978_thesis__C","whitlow_1978_thesis__HLN","Yes","Yes","Yes","Yes","Reported offspring/pup count","No","Potential within-litter similarity is acknowledged, but dam/litter counts are not consistently available; retain the authors' reported pup n.","Approved","2026-08-13","included_studies/whitlow_1978_thesis.pdf, Experiment 1 Methods"
"uygur_2010_aphyhun","es001",2,"Independent","uygur_2010_aphyhun","uygur_2010_aphyhun__CON_PSN","uygur_2010_aphyhun__DWT","uygur_2010_aphyhun__CON","uygur_2010_aphyhun__PSN","Yes","Yes","No","Yes","Reported offspring/pup count","No","Potential within-litter similarity is acknowledged, but dam/litter counts are not consistently available; retain the authors' reported pup n.","Approved","2026-08-13","included_studies/uygur_2010_aphyhun.pdf, Defensive withdrawal test methods/results"
"uygur_2010_aphyhun","es002",3,"Independent","uygur_2010_aphyhun","uygur_2010_aphyhun__CON_PSN","uygur_2010_aphyhun__DWT","uygur_2010_aphyhun__CON","uygur_2010_aphyhun__PSN","Yes","Yes","No","Yes","Reported offspring/pup count","No","Potential within-litter similarity is acknowledged, but dam/litter counts are not consistently available; retain the authors' reported pup n.","Approved","2026-08-13","included_studies/uygur_2010_aphyhun.pdf, Defensive withdrawal test methods/results"
"uygur_2010_aphyhun","es003",4,"Independent","uygur_2010_aphyhun","uygur_2010_aphyhun__CON_PSN","uygur_2010_aphyhun__DWT","uygur_2010_aphyhun__CON","uygur_2010_aphyhun__PSN","Yes","Yes","No","Yes","Reported offspring/pup count","No","Potential within-litter similarity is acknowledged, but dam/litter counts are not consistently available; retain the authors' reported pup n.","Approved","2026-08-13","included_studies/uygur_2010_aphyhun.pdf, Defensive withdrawal test methods/results"
"hassanvand_2012_phyphar","es010",11,"Independent","hassanvand_2012_phyphar","hassanvand_2012_phyphar__Control_Exp","hassanvand_2012_phyphar__OFT","hassanvand_2012_phyphar__Control","hassanvand_2012_phyphar__Exp","Yes","Yes","No","Yes","Reported offspring/pup count","No","Potential within-litter similarity is acknowledged, but dam/litter counts are not consistently available; retain the authors' reported pup n.","Approved","2026-08-13","included_studies/hassanvand_2012_phyphar.pdf, Open-field methods/results"
"hassanvand_2012_phyphar","es011",12,"Independent","hassanvand_2012_phyphar","hassanvand_2012_phyphar__Control_Exp","hassanvand_2012_phyphar__OFT","hassanvand_2012_phyphar__Control","hassanvand_2012_phyphar__Exp","Yes","Yes","No","Yes","Reported offspring/pup count","No","Potential within-litter similarity is acknowledged, but dam/litter counts are not consistently available; retain the authors' reported pup n.","Approved","2026-08-13","included_studies/hassanvand_2012_phyphar.pdf, Open-field methods/results"
"hassanvand_2012_phyphar","es012",13,"Independent","hassanvand_2012_phyphar","hassanvand_2012_phyphar__Control_Exp","hassanvand_2012_phyphar__OFT","hassanvand_2012_phyphar__Control","hassanvand_2012_phyphar__Exp","Yes","Yes","No","Yes","Reported offspring/pup count","No","Potential within-litter similarity is acknowledged, but dam/litter counts are not consistently available; retain the authors' reported pup n.","Approved","2026-08-13","included_studies/hassanvand_2012_phyphar.pdf, Open-field methods/results"
"hadizadeh_2018_irjbamedsci","es019",20,"Independent","hadizadeh_2018_irjbamedsci","hadizadeh_2018_irjbamedsci__CON_ST","hadizadeh_2018_irjbamedsci__EPM","hadizadeh_2018_irjbamedsci__CON","hadizadeh_2018_irjbamedsci__ST","Yes","Yes","No","Yes","Reported offspring/pup count","No","Potential within-litter similarity is acknowledged, but dam/litter counts are not consistently available; retain the authors' reported pup n.","Approved","2026-08-13","included_studies/hadizadeh_2018_irjbamedsci.pdf, experimental groups and EPM methods/results"
"hadizadeh_2018_irjbamedsci","es020",21,"Independent","hadizadeh_2018_irjbamedsci","hadizadeh_2018_irjbamedsci__CON_ST","hadizadeh_2018_irjbamedsci__EPM","hadizadeh_2018_irjbamedsci__CON","hadizadeh_2018_irjbamedsci__ST","Yes","Yes","No","Yes","Reported offspring/pup count","No","Potential within-litter similarity is acknowledged, but dam/litter counts are not consistently available; retain the authors' reported pup n.","Approved","2026-08-13","included_studies/hadizadeh_2018_irjbamedsci.pdf, experimental groups and EPM methods/results"
