study_id,es_id,n_raw,n_final,mean_raw,median_raw,q1_raw,q3_raw,mean_pre_zero_correction,mean_analysis_primary,mean_analysis_sensitivity_08,mean_source,exact_zero_before_correction,zero_correction_applied,zero_correction_reference_mean,zero_correction_primary_09,zero_correction_sensitivity_08,zero_correction_unavailable,zero_mean_exclusion_sensitivity,sd_raw,sd_final,sd_source,se_raw,se_final,se_source,ci_raw,iqr_all_zero,iqr_skewness_review,sd_assumed_sqrt_mean,se_inconsistent_with_sd,se_matches_mean_over_sqrt_n,arm
uygur_2010_aphyhun,es001,9,9,90.9,,,,90.9,90.9,90.9,raw_mean,FALSE,FALSE,90.9,81.81,72.72000000000001,FALSE,FALSE,,176.07,se_times_sqrt_n,58.69,58.69,raw_se_verified,,FALSE,FALSE,FALSE,FALSE,FALSE,control
uygur_2010_aphyhun,es002,9,9,4.3,,,,4.3,4.3,4.3,raw_mean,FALSE,FALSE,3.67,3.303,2.936,FALSE,FALSE,,2.46,se_times_sqrt_n,0.82,0.82,raw_se_verified,,FALSE,FALSE,FALSE,FALSE,FALSE,control
uygur_2010_aphyhun,es003,9,9,101.74,,,,101.74,101.74,101.74,raw_mean,FALSE,FALSE,66.67,60.003,53.336000000000006,FALSE,FALSE,,75.75,se_times_sqrt_n,25.25,25.25,raw_se_verified,,FALSE,FALSE,FALSE,FALSE,FALSE,control
barzegar_2014_hippo,es004,10,10,32.07,,,,32.07,32.07,32.07,raw_mean,FALSE,FALSE,14.27,12.843,11.416,FALSE,FALSE,10.96,10.96,raw_sd,3.47,3.47,raw_se_verified,,FALSE,FALSE,FALSE,FALSE,FALSE,control
barzegar_2014_hippo,es005,10,10,30.02,,,,30.02,30.02,30.02,raw_mean,FALSE,FALSE,16.92,15.228000000000002,13.536000000000001,FALSE,FALSE,6.41,6.41,raw_sd,2.03,2.03,raw_se_verified,,FALSE,FALSE,FALSE,FALSE,FALSE,control
barzegar_2014_hippo,es006,10,10,32.07,,,,32.07,32.07,32.07,raw_mean,FALSE,FALSE,14.27,12.843,11.416,FALSE,FALSE,10.96,10.96,raw_sd,3.47,3.47,raw_se_verified,,FALSE,FALSE,FALSE,FALSE,FALSE,control
barzegar_2014_hippo,es007,10,10,30.02,,,,30.02,30.02,30.02,raw_mean,FALSE,FALSE,16.92,15.228000000000002,13.536000000000001,FALSE,FALSE,6.41,6.41,raw_sd,2.03,2.03,raw_se_verified,,FALSE,FALSE,FALSE,FALSE,FALSE,control
barzegar_2014_hippo,es008,10,10,32.07,,,,32.07,32.07,32.07,raw_mean,FALSE,FALSE,14.27,12.843,11.416,FALSE,FALSE,10.96,10.96,raw_sd,3.47,3.47,raw_se_verified,,FALSE,FALSE,FALSE,FALSE,FALSE,control
barzegar_2014_hippo,es009,10,10,30.02,,,,30.02,30.02,30.02,raw_mean,FALSE,FALSE,16.92,15.228000000000002,13.536000000000001,FALSE,FALSE,6.41,6.41,raw_sd,2.03,2.03,raw_se_verified,,FALSE,FALSE,FALSE,FALSE,FALSE,control
hassanvand_2012_phyphar,es010,6,6,41.568,,,,41.568,41.568,41.568,raw_mean,FALSE,FALSE,35.5825,32.02425,28.466000000000005,FALSE,FALSE,2.7625,2.7625,raw_sd,1.1278,1.1278,raw_se_verified,,FALSE,FALSE,FALSE,FALSE,FALSE,control
hassanvand_2012_phyphar,es011,6,6,13.943,,,,13.943,13.943,13.943,raw_mean,FALSE,FALSE,4.3889,3.95001,3.51112,FALSE,FALSE,1.8417,1.8417,raw_sd,0.7519,0.7519,raw_se_verified,,FALSE,FALSE,FALSE,FALSE,FALSE,control
hassanvand_2012_phyphar,es012,6,6,24.686,,,,24.686,24.686,24.686,raw_mean,FALSE,FALSE,6.4,5.760000000000001,5.120000000000001,FALSE,FALSE,4.4507,4.4507,raw_sd,1.817,1.817,raw_se_verified,,FALSE,FALSE,FALSE,FALSE,FALSE,control
arjunan_2023_stress,es013,6,6,225.39,,,,225.39,225.39,225.39,raw_mean,FALSE,FALSE,0.18,0.162,0.144,FALSE,FALSE,25.92,25.92,raw_sd,10.58,10.58,raw_se_verified,,FALSE,FALSE,FALSE,FALSE,FALSE,control
arjunan_2023_stress,es014,6,6,71.74,,,,71.74,71.74,71.74,raw_mean,FALSE,FALSE,71.74,64.566,57.391999999999996,FALSE,FALSE,28.21,28.21,raw_sd,11.52,11.52,raw_se_verified,,FALSE,FALSE,FALSE,FALSE,FALSE,control
arjunan_2023_stress,es015,6,6,225.39,,,,225.39,225.39,225.39,raw_mean,FALSE,FALSE,0.18,0.162,0.144,FALSE,FALSE,25.92,25.92,raw_sd,10.58,10.58,raw_se_verified,,FALSE,FALSE,FALSE,FALSE,FALSE,control
arjunan_2023_stress,es016,6,6,71.74,,,,71.74,71.74,71.74,raw_mean,FALSE,FALSE,71.74,64.566,57.391999999999996,FALSE,FALSE,28.21,28.21,raw_sd,11.52,11.52,raw_se_verified,,FALSE,FALSE,FALSE,FALSE,FALSE,control
arjunan_2023_stress,es017,6,6,225.39,,,,225.39,225.39,225.39,raw_mean,FALSE,FALSE,0.18,0.162,0.144,FALSE,FALSE,25.92,25.92,raw_sd,10.58,10.58,raw_se_verified,,FALSE,FALSE,FALSE,FALSE,FALSE,control
arjunan_2023_stress,es018,6,6,71.74,,,,71.74,71.74,71.74,raw_mean,FALSE,FALSE,71.74,64.566,57.391999999999996,FALSE,FALSE,28.21,28.21,raw_sd,11.52,11.52,raw_se_verified,,FALSE,FALSE,FALSE,FALSE,FALSE,control
hadizadeh_2018_irjbamedsci,es019,6,6,54.98,,,,54.98,54.98,54.98,raw_mean,FALSE,FALSE,14.27,12.843,11.416,FALSE,FALSE,7.67,7.67,raw_sd,3.13,3.13,raw_se_verified,,FALSE,FALSE,FALSE,FALSE,FALSE,control
hadizadeh_2018_irjbamedsci,es020,6,6,41.56,,,,41.56,41.56,41.56,raw_mean,FALSE,FALSE,16.92,15.228000000000002,13.536000000000001,FALSE,FALSE,2.9,2.9,raw_sd,1.18,1.18,raw_se_verified,,FALSE,FALSE,FALSE,FALSE,FALSE,control
abramova_2024_devneur,es021,37,37,45.56,,,,45.56,45.56,45.56,raw_mean,FALSE,FALSE,25.42,22.878000000000004,20.336000000000002,FALSE,FALSE,30.7,30.7,raw_sd,5.05,5.05,raw_se_verified,,FALSE,FALSE,FALSE,FALSE,FALSE,control
abramova_2024_devneur,es022,35,35,53.82,,,,53.82,53.82,53.82,raw_mean,FALSE,FALSE,25.42,22.878000000000004,20.336000000000002,FALSE,FALSE,29.51,29.51,raw_sd,4.99,4.99,raw_se_verified,,FALSE,FALSE,FALSE,FALSE,FALSE,control
abramova_2024_devneur,es023,37,37,10.2,,,,10.2,10.2,10.2,raw_mean,FALSE,FALSE,4.46,4.014,3.568,FALSE,FALSE,5.76,5.76,raw_sd,0.95,0.95,raw_se_verified,,FALSE,FALSE,FALSE,FALSE,FALSE,control
abramova_2024_devneur,es024,35,35,11.55,,,,11.55,11.55,11.55,raw_mean,FALSE,FALSE,4.46,4.014,3.568,FALSE,FALSE,6.92,6.92,raw_sd,1.17,1.17,raw_se_verified,,FALSE,FALSE,FALSE,FALSE,FALSE,control
abramova_2024_devneur,es025,37,37,2.59,,,,2.59,2.59,2.59,raw_mean,FALSE,FALSE,1.13695,1.023255,0.9095599999999999,FALSE,FALSE,3.45,3.45,raw_sd,0.57,0.57,raw_se_verified,,FALSE,FALSE,FALSE,FALSE,FALSE,control
abramova_2024_devneur,es026,35,35,1.23,,,,1.23,1.23,1.23,raw_mean,FALSE,FALSE,1.13695,1.023255,0.9095599999999999,FALSE,FALSE,2.02,2.02,raw_sd,0.34,0.34,raw_se_verified,,FALSE,FALSE,FALSE,FALSE,FALSE,control
abramova_2024_devneur,es027,37,37,22.57,,,,22.57,22.57,22.57,raw_mean,FALSE,FALSE,22.57,20.313000000000002,18.056,FALSE,FALSE,14.12,14.12,raw_sd,2.32,2.32,raw_se_verified,,FALSE,FALSE,FALSE,FALSE,FALSE,control
abramova_2024_devneur,es028,35,35,28.31,,,,28.31,28.31,28.31,raw_mean,FALSE,FALSE,22.57,20.313000000000002,18.056,FALSE,FALSE,19.54,19.54,raw_sd,3.3,3.3,raw_se_verified,,FALSE,FALSE,FALSE,FALSE,FALSE,control
abramova_2024_devneur,es029,37,37,6.97,,,,6.97,6.97,6.97,raw_mean,FALSE,FALSE,6.97,6.273,5.5760000000000005,FALSE,FALSE,3.61,3.61,raw_sd,0.59,0.59,raw_se_verified,,FALSE,FALSE,FALSE,FALSE,FALSE,control
abramova_2024_devneur,es030,35,35,7.13,,,,7.13,7.13,7.13,raw_mean,FALSE,FALSE,6.97,6.273,5.5760000000000005,FALSE,FALSE,4.67,4.67,raw_sd,0.79,0.79,raw_se_verified,,FALSE,FALSE,FALSE,FALSE,FALSE,control
abramova_2024_devneur,es031,37,37,2.46,,,,2.46,2.46,2.46,raw_mean,FALSE,FALSE,0.18718749999999998,0.16846874999999997,0.14975,FALSE,FALSE,1.21,1.21,raw_sd,0.2,0.2,raw_se_verified,,FALSE,FALSE,FALSE,FALSE,FALSE,control
abramova_2024_devneur,es032,35,35,2.87,,,,2.87,2.87,2.87,raw_mean,FALSE,FALSE,0.18718749999999998,0.16846874999999997,0.14975,FALSE,FALSE,1.49,1.49,raw_sd,0.25,0.25,raw_se_verified,,FALSE,FALSE,FALSE,FALSE,FALSE,control
abramova_2024_devneur,es033,37,37,21.48,,,,21.48,21.48,21.48,raw_mean,FALSE,FALSE,4.3889,3.95001,3.51112,FALSE,FALSE,5.57,5.57,raw_sd,0.92,0.92,raw_se_verified,,FALSE,FALSE,FALSE,FALSE,FALSE,control
abramova_2024_devneur,es034,35,35,21.46,,,,21.46,21.46,21.46,raw_mean,FALSE,FALSE,4.3889,3.95001,3.51112,FALSE,FALSE,9.73,9.73,raw_sd,1.64,1.64,raw_se_verified,,FALSE,FALSE,FALSE,FALSE,FALSE,control
abramova_2024_devneur,es035,37,37,50.7,,,,50.7,50.7,50.7,raw_mean,FALSE,FALSE,6.4,5.760000000000001,5.120000000000001,FALSE,FALSE,14.38,14.38,raw_sd,2.36,2.36,raw_se_verified,,FALSE,FALSE,FALSE,FALSE,FALSE,control
abramova_2024_devneur,es036,35,35,45.52,,,,45.52,45.52,45.52,raw_mean,FALSE,FALSE,6.4,5.760000000000001,5.120000000000001,FALSE,FALSE,13.15,13.15,raw_sd,2.22,2.22,raw_se_verified,,FALSE,FALSE,FALSE,FALSE,FALSE,control
abramova_2024_devneur,es037,37,37,10.51,,,,10.51,10.51,10.51,raw_mean,FALSE,FALSE,8.2563,7.43067,6.60504,FALSE,FALSE,10.74,10.74,raw_sd,1.76,1.76,raw_se_verified,,FALSE,FALSE,FALSE,FALSE,FALSE,control
abramova_2024_devneur,es038,35,35,17.03,,,,17.03,17.03,17.03,raw_mean,FALSE,FALSE,8.2563,7.43067,6.60504,FALSE,FALSE,15.77,15.77,raw_sd,2.67,2.67,raw_se_verified,,FALSE,FALSE,FALSE,FALSE,FALSE,control
abramova_2024_devneur,es039,37,37,25.07,,,,25.07,25.07,25.07,raw_mean,FALSE,FALSE,12.5038,11.25342,10.00304,FALSE,FALSE,13.32,13.32,raw_sd,2.19,2.19,raw_se_verified,,FALSE,FALSE,FALSE,FALSE,FALSE,control
abramova_2024_devneur,es040,35,35,17.34,,,,17.34,17.34,17.34,raw_mean,FALSE,FALSE,12.5038,11.25342,10.00304,FALSE,FALSE,8.33,8.33,raw_sd,1.41,1.41,raw_se_verified,,FALSE,FALSE,FALSE,FALSE,FALSE,control
abramova_2024_devneur,es041,37,37,3.62,,,,3.62,3.62,3.62,raw_mean,FALSE,FALSE,2.6522,2.3869800000000003,2.12176,FALSE,FALSE,2.13,2.13,raw_sd,0.35,0.35,raw_se_verified,,FALSE,FALSE,FALSE,FALSE,FALSE,control
abramova_2024_devneur,es042,35,35,3.17,,,,3.17,3.17,3.17,raw_mean,FALSE,FALSE,2.6522,2.3869800000000003,2.12176,FALSE,FALSE,1.5,1.5,raw_sd,0.25,0.25,raw_se_verified,,FALSE,FALSE,FALSE,FALSE,FALSE,control
abramova_2024_devneur,es043,14,14,49.76,,,,49.76,49.76,49.76,raw_mean,FALSE,FALSE,26.79,24.111,21.432000000000002,FALSE,FALSE,27.37,27.37,raw_sd,7.32,7.32,raw_se_verified,,FALSE,FALSE,FALSE,FALSE,FALSE,control
abramova_2024_devneur,es044,12,12,103.97,,,,103.97,103.97,103.97,raw_mean,FALSE,FALSE,26.79,24.111,21.432000000000002,FALSE,FALSE,44.65,44.65,raw_sd,12.89,12.89,raw_se_verified,,FALSE,FALSE,FALSE,FALSE,FALSE,control
abramova_2024_devneur,es045,37,37,52.8,,,,52.8,52.8,52.8,raw_mean,FALSE,FALSE,40.48,36.431999999999995,32.384,FALSE,FALSE,,26.15587888028234,se_times_sqrt_n,4.3,4.3,raw_se_verified,,FALSE,FALSE,FALSE,FALSE,FALSE,control
abramova_2024_devneur,es046,35,35,54.8,,,,54.8,54.8,54.8,raw_mean,FALSE,FALSE,40.48,36.431999999999995,32.384,FALSE,FALSE,,30.763614872118005,se_times_sqrt_n,5.2,5.2,raw_se_verified,,FALSE,FALSE,FALSE,FALSE,FALSE,control
oliveira_2015_jbehavbraisci,es047,12,12,9.33,,,,9.33,9.33,9.33,raw_mean,FALSE,FALSE,6.22,5.598,4.976,FALSE,FALSE,25.13,25.13,raw_sd,7.25,7.25,raw_se_verified,,FALSE,FALSE,FALSE,FALSE,FALSE,control
oliveira_2015_jbehavbraisci,es048,12,12,56.48,,,,56.48,56.48,56.48,raw_mean,FALSE,FALSE,6.22,5.598,4.976,FALSE,FALSE,118.46,118.46,raw_sd,34.2,34.2,raw_se_verified,,FALSE,FALSE,FALSE,FALSE,FALSE,control
oliveira_2015_jbehavbraisci,es049,12,12,103.11,,,,103.11,103.11,103.11,raw_mean,FALSE,FALSE,6.22,5.598,4.976,FALSE,FALSE,129.23,129.23,raw_sd,37.31,37.31,raw_se_verified,,FALSE,FALSE,FALSE,FALSE,FALSE,control
oliveira_2015_jbehavbraisci,es050,12,12,5.34,,,,5.34,5.34,5.34,raw_mean,FALSE,FALSE,5.34,4.806,4.272,FALSE,FALSE,3.86,3.86,raw_sd,1.11,1.11,raw_se_verified,,FALSE,FALSE,FALSE,FALSE,FALSE,control
oliveira_2015_jbehavbraisci,es051,12,12,6.8,,,,6.8,6.8,6.8,raw_mean,FALSE,FALSE,5.34,4.806,4.272,FALSE,FALSE,8.02,8.02,raw_sd,2.31,2.31,raw_se_verified,,FALSE,FALSE,FALSE,FALSE,FALSE,control
oliveira_2015_jbehavbraisci,es052,12,12,6.46,,,,6.46,6.46,6.46,raw_mean,FALSE,FALSE,5.34,4.806,4.272,FALSE,FALSE,7.72,7.72,raw_sd,2.23,2.23,raw_se_verified,,FALSE,FALSE,FALSE,FALSE,FALSE,control
pavlov_2023_molsci,es053,10,10,71.6,,,,71.6,71.6,71.6,raw_mean,FALSE,FALSE,40.48,36.431999999999995,32.384,FALSE,FALSE,9.72,9.72,raw_sd,3.07,3.07,raw_se_verified,,FALSE,FALSE,FALSE,FALSE,FALSE,control
pavlov_2023_molsci,es054,10,10,10.55,,,,10.55,10.55,10.55,raw_mean,FALSE,FALSE,6.4,5.760000000000001,5.120000000000001,FALSE,FALSE,6.17,6.17,raw_sd,1.95,1.95,raw_se_verified,,FALSE,FALSE,FALSE,FALSE,FALSE,control
pavlov_2023_molsci,es055,10,10,71.66,,,,71.66,71.66,71.66,raw_mean,FALSE,FALSE,0.18,0.162,0.144,FALSE,FALSE,17.5,17.5,raw_sd,5.53,5.53,raw_se_verified,,FALSE,FALSE,FALSE,FALSE,FALSE,control
pavlov_2023_molsci,es056,10,10,69.17,,,,69.17,69.17,69.17,raw_mean,FALSE,FALSE,25.42,22.878000000000004,20.336000000000002,FALSE,FALSE,20.84,20.84,raw_sd,6.59,6.59,raw_se_verified,,FALSE,FALSE,FALSE,FALSE,FALSE,control
pavlov_2023_molsci,es057,10,10,13.27,,,,13.27,13.27,13.27,raw_mean,FALSE,FALSE,8.68,7.812,6.944,FALSE,FALSE,5.44,5.44,raw_sd,1.72,1.72,raw_se_verified,,FALSE,FALSE,FALSE,FALSE,FALSE,control
nishio_2006_intjdevlneur,es058,5,5,27.16,,,,27.16,27.16,27.16,raw_mean,FALSE,FALSE,16.92,15.228000000000002,13.536000000000001,FALSE,FALSE,13.81,13.81,raw_sd,6.17,6.17,raw_se_verified,,FALSE,FALSE,FALSE,FALSE,FALSE,control
nishio_2006_intjdevlneur,es059,5,5,18.69,,,,18.69,18.69,18.69,raw_mean,FALSE,FALSE,16.92,15.228000000000002,13.536000000000001,FALSE,FALSE,6.84,6.84,raw_sd,3.06,3.06,raw_se_verified,,FALSE,FALSE,FALSE,FALSE,FALSE,control
nishio_2006_intjdevlneur,es060,5,5,39.61,,,,39.61,39.61,39.61,raw_mean,FALSE,FALSE,14.27,12.843,11.416,FALSE,FALSE,9.64,9.64,raw_sd,4.31,4.31,raw_se_verified,,FALSE,FALSE,FALSE,FALSE,FALSE,control
nishio_2006_intjdevlneur,es061,5,5,33.07,,,,33.07,33.07,33.07,raw_mean,FALSE,FALSE,14.27,12.843,11.416,FALSE,FALSE,7.6,7.6,raw_sd,3.4,3.4,raw_se_verified,,FALSE,FALSE,FALSE,FALSE,FALSE,control
nishio_2006_intjdevlneur,es062,5,5,3.97,,,,3.97,3.97,3.97,raw_mean,FALSE,FALSE,3.58,3.222,2.8640000000000003,FALSE,FALSE,1.71,1.71,raw_sd,0.76,0.76,raw_se_verified,,FALSE,FALSE,FALSE,FALSE,FALSE,control
nishio_2006_intjdevlneur,es063,5,5,6.68,,,,6.68,6.68,6.68,raw_mean,FALSE,FALSE,3.58,3.222,2.8640000000000003,FALSE,FALSE,2.41,2.41,raw_sd,1.08,1.08,raw_se_verified,,FALSE,FALSE,FALSE,FALSE,FALSE,control
uygur_2011_ankarauniv,es064,9,9,45.87,,,,45.87,45.87,45.87,raw_mean,FALSE,FALSE,26.79,24.111,21.432000000000002,FALSE,FALSE,,24.869999999999997,se_times_sqrt_n,8.29,8.29,raw_se_verified,,FALSE,FALSE,FALSE,FALSE,FALSE,control
uygur_2011_ankarauniv,es065,9,9,79.05,,,,79.05,79.05,79.05,raw_mean,FALSE,FALSE,26.79,24.111,21.432000000000002,FALSE,FALSE,,40.56,se_times_sqrt_n,13.52,13.52,raw_se_verified,,FALSE,FALSE,FALSE,FALSE,FALSE,control
uygur_2011_ankarauniv,es066,9,9,20.09,,,,20.09,20.09,20.09,raw_mean,FALSE,FALSE,20.09,18.081,16.072,FALSE,FALSE,,18.84,se_times_sqrt_n,6.28,6.28,raw_se_verified,,FALSE,FALSE,FALSE,FALSE,FALSE,control
uygur_2011_ankarauniv,es067,9,9,31.89,,,,31.89,31.89,31.89,raw_mean,FALSE,FALSE,20.09,18.081,16.072,FALSE,FALSE,,39.45,se_times_sqrt_n,13.15,13.15,raw_se_verified,,FALSE,FALSE,FALSE,FALSE,FALSE,control
uygur_2011_ankarauniv,es068,9,9,5.44,,,,5.44,5.44,5.44,raw_mean,FALSE,FALSE,1.7,1.53,1.36,FALSE,FALSE,,4.47,se_times_sqrt_n,1.49,1.49,raw_se_verified,,FALSE,FALSE,FALSE,FALSE,FALSE,control
uygur_2011_ankarauniv,es069,9,9,2.56,,,,2.56,2.56,2.56,raw_mean,FALSE,FALSE,1.7,1.53,1.36,FALSE,FALSE,,2.8499999999999996,se_times_sqrt_n,0.95,0.95,raw_se_verified,,FALSE,FALSE,FALSE,FALSE,FALSE,control
uygur_2011_ankarauniv,es070,9,9,26.78,,,,26.78,26.78,26.78,raw_mean,FALSE,FALSE,16,14.4,12.8,FALSE,FALSE,,14.669999999999998,se_times_sqrt_n,4.89,4.89,raw_se_verified,,FALSE,FALSE,FALSE,FALSE,FALSE,control
uygur_2011_ankarauniv,es071,9,9,16,,,,16,16,16,raw_mean,FALSE,FALSE,16,14.4,12.8,FALSE,FALSE,,11.790000000000001,se_times_sqrt_n,3.93,3.93,raw_se_verified,,FALSE,FALSE,FALSE,FALSE,FALSE,control
morra_1965_physiolrec,es072,63,63,19.5,,,,19.5,19.5,19.5,raw_mean,FALSE,FALSE,6.4,5.760000000000001,5.120000000000001,FALSE,FALSE,8.4,8.4,raw_sd,,1.0583005244258363,sd_div_sqrt_n,,FALSE,FALSE,FALSE,FALSE,FALSE,control
morra_1965_physiolrec,es073,63,63,13.1,,,,13.1,13.1,13.1,raw_mean,FALSE,FALSE,13.1,11.79,10.48,FALSE,FALSE,7.9,7.9,raw_sd,,0.995306445590965,sd_div_sqrt_n,,FALSE,FALSE,FALSE,FALSE,FALSE,control
abramova_2021_front,es074,25,25,29,,,,29,29,29,raw_mean,FALSE,FALSE,6.4,5.760000000000001,5.120000000000001,FALSE,FALSE,15.7903,15.7903,raw_sd,3.1581,3.1581,raw_se_verified,,FALSE,FALSE,FALSE,FALSE,FALSE,control
abramova_2021_front,es075,23,23,33.7391,,,,33.7391,33.7391,33.7391,raw_mean,FALSE,FALSE,6.4,5.760000000000001,5.120000000000001,FALSE,FALSE,16.896,16.896,raw_sd,3.5231,3.5231,raw_se_verified,,FALSE,FALSE,FALSE,FALSE,FALSE,control
abramova_2021_front,es076,25,25,8.92,,,,8.92,8.92,8.92,raw_mean,FALSE,FALSE,4.3889,3.95001,3.51112,FALSE,FALSE,6.9337,6.9337,raw_sd,1.3867,1.3867,raw_se_verified,,FALSE,FALSE,FALSE,FALSE,FALSE,control
abramova_2021_front,es077,23,23,10.1304,,,,10.1304,10.1304,10.1304,raw_mean,FALSE,FALSE,4.3889,3.95001,3.51112,FALSE,FALSE,8.7558,8.7558,raw_sd,1.8257,1.8257,raw_se_verified,,FALSE,FALSE,FALSE,FALSE,FALSE,control
abramova_2021_front,es078,25,25,1.16,,,,1.16,1.16,1.16,raw_mean,FALSE,FALSE,0.18718749999999998,0.16846874999999997,0.14975,FALSE,FALSE,1.4911,1.4911,raw_sd,0.2982,0.2982,raw_se_verified,,FALSE,FALSE,FALSE,FALSE,FALSE,control
abramova_2021_front,es079,23,23,2.2609,,,,2.2609,2.2609,2.2609,raw_mean,FALSE,FALSE,0.18718749999999998,0.16846874999999997,0.14975,FALSE,FALSE,2.5265,2.5265,raw_sd,0.5268,0.5268,raw_se_verified,,FALSE,FALSE,FALSE,FALSE,FALSE,control
abramova_2021_front,es080,25,25,2.0964,,,,2.0964,2.0964,2.0964,raw_mean,FALSE,FALSE,0.7739,0.6965100000000001,0.6191200000000001,FALSE,FALSE,3.3901,3.3901,raw_sd,0.678,0.678,raw_se_verified,,FALSE,FALSE,FALSE,FALSE,FALSE,control
abramova_2021_front,es081,23,23,5.177,,,,5.177,5.177,5.177,raw_mean,FALSE,FALSE,0.7739,0.6965100000000001,0.6191200000000001,FALSE,FALSE,6.8377,6.8377,raw_sd,1.4258,1.4258,raw_se_verified,,FALSE,FALSE,FALSE,FALSE,FALSE,control
abramova_2021_front,es082,25,25,3.76,,,,3.76,3.76,3.76,raw_mean,FALSE,FALSE,2.6522,2.3869800000000003,2.12176,FALSE,FALSE,1.6653,1.6653,raw_sd,0.3331,0.3331,raw_se_verified,,FALSE,FALSE,FALSE,FALSE,FALSE,control
abramova_2021_front,es083,23,23,2.6522,,,,2.6522,2.6522,2.6522,raw_mean,FALSE,FALSE,2.6522,2.3869800000000003,2.12176,FALSE,FALSE,1.465,1.465,raw_sd,0.3055,0.3055,raw_se_verified,,FALSE,FALSE,FALSE,FALSE,FALSE,control
abramova_2021_front,es084,25,25,34.048,,,,34.048,34.048,34.048,raw_mean,FALSE,FALSE,12.5038,11.25342,10.00304,FALSE,FALSE,25.0853,25.0853,raw_sd,5.0171,5.0171,raw_se_verified,,FALSE,FALSE,FALSE,FALSE,FALSE,control
abramova_2021_front,es085,23,23,16.3787,,,,16.3787,16.3787,16.3787,raw_mean,FALSE,FALSE,12.5038,11.25342,10.00304,FALSE,FALSE,13.1338,13.1338,raw_sd,2.7386,2.7386,raw_se_verified,,FALSE,FALSE,FALSE,FALSE,FALSE,control
abramova_2021_front,es086,25,25,36.678,,,,36.678,36.678,36.678,raw_mean,FALSE,FALSE,8.2563,7.43067,6.60504,FALSE,FALSE,36.638,36.638,raw_sd,7.3276,7.3276,raw_se_verified,,FALSE,FALSE,FALSE,FALSE,FALSE,control
abramova_2021_front,es087,23,23,39.257,,,,39.257,39.257,39.257,raw_mean,FALSE,FALSE,8.2563,7.43067,6.60504,FALSE,FALSE,41.7274,41.7274,raw_sd,8.7008,8.7008,raw_se_verified,,FALSE,FALSE,FALSE,FALSE,FALSE,control
badache_2017_stress,es088,16,16,216.89,,,,216.89,216.89,216.89,raw_mean,FALSE,FALSE,216.89,195.201,173.512,FALSE,FALSE,47.03,47.03,raw_sd,11.76,11.76,raw_se_verified,,FALSE,FALSE,FALSE,FALSE,FALSE,control
badache_2017_stress,es089,16,16,70.44,,,,70.44,70.44,70.44,raw_mean,FALSE,FALSE,6.4,5.760000000000001,5.120000000000001,FALSE,FALSE,16.15,16.15,raw_sd,4.04,4.04,raw_se_verified,,FALSE,FALSE,FALSE,FALSE,FALSE,control
badache_2017_stress,es090,16,16,4.13,,,,4.13,4.13,4.13,raw_mean,FALSE,FALSE,0.18,0.162,0.144,FALSE,FALSE,0.93,0.93,raw_sd,0.23,0.23,raw_se_verified,,FALSE,FALSE,FALSE,FALSE,FALSE,control
badache_2017_stress,es091,16,16,22,,,,22,22,22,raw_mean,FALSE,FALSE,8.54,7.685999999999999,6.832,FALSE,FALSE,5.03,5.03,raw_sd,1.26,1.26,raw_se_verified,,FALSE,FALSE,FALSE,FALSE,FALSE,control
badache_2017_stress,es092,16,16,135.51,,,,135.51,135.51,135.51,raw_mean,FALSE,FALSE,25.42,22.878000000000004,20.336000000000002,FALSE,FALSE,31.84,31.84,raw_sd,7.96,7.96,raw_se_verified,,FALSE,FALSE,FALSE,FALSE,FALSE,control
badache_2017_stress,es093,16,16,18.12,,,,18.12,18.12,18.12,raw_mean,FALSE,FALSE,7.77,6.992999999999999,6.216,FALSE,FALSE,4.52,4.52,raw_sd,1.13,1.13,raw_se_verified,,FALSE,FALSE,FALSE,FALSE,FALSE,control
`,es094,20,20,65.63,,,,65.63,65.63,65.63,raw_mean,FALSE,FALSE,6.4,5.760000000000001,5.120000000000001,FALSE,FALSE,8.1012,8.1012,assumed_sqrt_mean_in_extraction,,1.8114833899321297,sd_div_sqrt_n,,FALSE,FALSE,TRUE,FALSE,FALSE,control
whitlow_1978_thesis,es095,20,20,65.63,,,,65.63,65.63,65.63,raw_mean,FALSE,FALSE,6.4,5.760000000000001,5.120000000000001,FALSE,FALSE,8.1012,8.1012,assumed_sqrt_mean_in_extraction,,1.8114833899321297,sd_div_sqrt_n,,FALSE,FALSE,TRUE,FALSE,FALSE,control
whitlow_1978_thesis,es096,20,20,39.74,,,,39.74,39.74,39.74,raw_mean,FALSE,FALSE,6.4,5.760000000000001,5.120000000000001,FALSE,FALSE,6.304,6.304,assumed_sqrt_mean_in_extraction,,1.4096172530158675,sd_div_sqrt_n,,FALSE,FALSE,TRUE,FALSE,FALSE,control
whitlow_1978_thesis,es097,20,20,39.74,,,,39.74,39.74,39.74,raw_mean,FALSE,FALSE,6.4,5.760000000000001,5.120000000000001,FALSE,FALSE,6.304,6.304,assumed_sqrt_mean_in_extraction,,1.4096172530158675,sd_div_sqrt_n,,FALSE,FALSE,TRUE,FALSE,FALSE,control
whitlow_1978_thesis,es098,20,20,17.33,,,,17.33,17.33,17.33,raw_mean,FALSE,FALSE,6.4,5.760000000000001,5.120000000000001,FALSE,FALSE,4.1629,4.1629,assumed_sqrt_mean_in_extraction,,0.9308527383533873,sd_div_sqrt_n,,FALSE,FALSE,TRUE,FALSE,FALSE,control
whitlow_1978_thesis,es099,20,20,17.33,,,,17.33,17.33,17.33,raw_mean,FALSE,FALSE,6.4,5.760000000000001,5.120000000000001,FALSE,FALSE,4.1629,4.1629,assumed_sqrt_mean_in_extraction,,0.9308527383533873,sd_div_sqrt_n,,FALSE,FALSE,TRUE,FALSE,FALSE,control
whitlow_1978_thesis,es100,20,20,4.48,,,,4.48,4.48,4.48,raw_mean,FALSE,FALSE,2.6522,2.3869800000000003,2.12176,FALSE,FALSE,2.1166,2.1166,assumed_sqrt_mean_in_extraction,,0.4732861481176055,sd_div_sqrt_n,,FALSE,FALSE,TRUE,FALSE,FALSE,control
whitlow_1978_thesis,es101,20,20,4.48,,,,4.48,4.48,4.48,raw_mean,FALSE,FALSE,2.6522,2.3869800000000003,2.12176,FALSE,FALSE,2.1166,2.1166,assumed_sqrt_mean_in_extraction,,0.4732861481176055,sd_div_sqrt_n,,FALSE,FALSE,TRUE,FALSE,FALSE,control
whitlow_1978_thesis,es102,20,20,6.39,,,,6.39,6.39,6.39,raw_mean,FALSE,FALSE,2.6522,2.3869800000000003,2.12176,FALSE,FALSE,2.5278,2.5278,assumed_sqrt_mean_in_extraction,,0.5652332633523969,sd_div_sqrt_n,,FALSE,FALSE,TRUE,FALSE,FALSE,control
whitlow_1978_thesis,es103,20,20,6.39,,,,6.39,6.39,6.39,raw_mean,FALSE,FALSE,2.6522,2.3869800000000003,2.12176,FALSE,FALSE,2.5278,2.5278,assumed_sqrt_mean_in_extraction,,0.5652332633523969,sd_div_sqrt_n,,FALSE,FALSE,TRUE,FALSE,FALSE,control
whitlow_1978_thesis,es104,20,20,3.84,,,,3.84,3.84,3.84,raw_mean,FALSE,FALSE,2.6522,2.3869800000000003,2.12176,FALSE,FALSE,1.9596,1.9596,assumed_sqrt_mean_in_extraction,,0.4381798808708588,sd_div_sqrt_n,,FALSE,FALSE,TRUE,FALSE,FALSE,control
whitlow_1978_thesis,es105,20,20,3.84,,,,3.84,3.84,3.84,raw_mean,FALSE,FALSE,2.6522,2.3869800000000003,2.12176,FALSE,FALSE,1.9596,1.9596,assumed_sqrt_mean_in_extraction,,0.4381798808708588,sd_div_sqrt_n,,FALSE,FALSE,TRUE,FALSE,FALSE,control
whitlow_1978_thesis,es106,20,20,1.74,,,,1.74,1.74,1.74,raw_mean,FALSE,FALSE,1.14,1.026,0.9119999999999999,FALSE,FALSE,1.3191,1.3191,assumed_sqrt_mean_in_extraction,,0.29495972691199723,sd_div_sqrt_n,,FALSE,FALSE,TRUE,FALSE,FALSE,control
whitlow_1978_thesis,es107,20,20,1.74,,,,1.74,1.74,1.74,raw_mean,FALSE,FALSE,1.14,1.026,0.9119999999999999,FALSE,FALSE,1.3191,1.3191,assumed_sqrt_mean_in_extraction,,0.29495972691199723,sd_div_sqrt_n,,FALSE,FALSE,TRUE,FALSE,FALSE,control
whitlow_1978_thesis,es108,20,20,2.22,,,,2.22,2.22,2.22,raw_mean,FALSE,FALSE,1.14,1.026,0.9119999999999999,FALSE,FALSE,1.49,1.49,assumed_sqrt_mean_in_extraction,,0.33317412864746865,sd_div_sqrt_n,,FALSE,FALSE,TRUE,FALSE,FALSE,control
whitlow_1978_thesis,es109,20,20,2.22,,,,2.22,2.22,2.22,raw_mean,FALSE,FALSE,1.14,1.026,0.9119999999999999,FALSE,FALSE,1.49,1.49,assumed_sqrt_mean_in_extraction,,0.33317412864746865,sd_div_sqrt_n,,FALSE,FALSE,TRUE,FALSE,FALSE,control
whitlow_1978_thesis,es110,20,20,1.14,,,,1.14,1.14,1.14,raw_mean,FALSE,FALSE,1.14,1.026,0.9119999999999999,FALSE,FALSE,1.0677,1.0677,assumed_sqrt_mean_in_extraction,,0.23874497795765257,sd_div_sqrt_n,,FALSE,FALSE,TRUE,FALSE,FALSE,control
whitlow_1978_thesis,es111,20,20,1.14,,,,1.14,1.14,1.14,raw_mean,FALSE,FALSE,1.14,1.026,0.9119999999999999,FALSE,FALSE,1.0677,1.0677,assumed_sqrt_mean_in_extraction,,0.23874497795765257,sd_div_sqrt_n,,FALSE,FALSE,TRUE,FALSE,FALSE,control
whitlow_1978_thesis,es112,20,20,45.7671,,,,45.7671,45.7671,45.7671,raw_mean,FALSE,FALSE,6.4,5.760000000000001,5.120000000000001,FALSE,FALSE,6.7651,6.7651,assumed_sqrt_mean_in_extraction,,1.5127223474583826,sd_div_sqrt_n,,FALSE,FALSE,TRUE,FALSE,FALSE,control
whitlow_1978_thesis,es113,20,20,45.7671,,,,45.7671,45.7671,45.7671,raw_mean,FALSE,FALSE,6.4,5.760000000000001,5.120000000000001,FALSE,FALSE,6.7651,6.7651,assumed_sqrt_mean_in_extraction,,1.5127223474583826,sd_div_sqrt_n,,FALSE,FALSE,TRUE,FALSE,FALSE,control
whitlow_1978_thesis,es114,20,20,31.7366,,,,31.7366,31.7366,31.7366,raw_mean,FALSE,FALSE,6.4,5.760000000000001,5.120000000000001,FALSE,FALSE,5.6335,5.6335,assumed_sqrt_mean_in_extraction,,1.2596888951245064,sd_div_sqrt_n,,FALSE,FALSE,TRUE,FALSE,FALSE,control
whitlow_1978_thesis,es115,20,20,31.7366,,,,31.7366,31.7366,31.7366,raw_mean,FALSE,FALSE,6.4,5.760000000000001,5.120000000000001,FALSE,FALSE,5.6335,5.6335,assumed_sqrt_mean_in_extraction,,1.2596888951245064,sd_div_sqrt_n,,FALSE,FALSE,TRUE,FALSE,FALSE,control
whitlow_1978_thesis,es116,20,20,19.1201,,,,19.1201,19.1201,19.1201,raw_mean,FALSE,FALSE,6.4,5.760000000000001,5.120000000000001,FALSE,FALSE,4.3726,4.3726,assumed_sqrt_mean_in_extraction,,0.9777430838415581,sd_div_sqrt_n,,FALSE,FALSE,TRUE,FALSE,FALSE,control
whitlow_1978_thesis,es117,20,20,19.1201,,,,19.1201,19.1201,19.1201,raw_mean,FALSE,FALSE,6.4,5.760000000000001,5.120000000000001,FALSE,FALSE,4.3726,4.3726,assumed_sqrt_mean_in_extraction,,0.9777430838415581,sd_div_sqrt_n,,FALSE,FALSE,TRUE,FALSE,FALSE,control
whitlow_1978_thesis,es118,20,20,4.0526,,,,4.0526,4.0526,4.0526,raw_mean,FALSE,FALSE,2.6522,2.3869800000000003,2.12176,FALSE,FALSE,2.0131,2.0131,assumed_sqrt_mean_in_extraction,,0.45014284455048265,sd_div_sqrt_n,,FALSE,FALSE,TRUE,FALSE,FALSE,control
whitlow_1978_thesis,es119,20,20,4.0526,,,,4.0526,4.0526,4.0526,raw_mean,FALSE,FALSE,2.6522,2.3869800000000003,2.12176,FALSE,FALSE,2.0131,2.0131,assumed_sqrt_mean_in_extraction,,0.45014284455048265,sd_div_sqrt_n,,FALSE,FALSE,TRUE,FALSE,FALSE,control
whitlow_1978_thesis,es120,20,20,3.5127,,,,3.5127,3.5127,3.5127,raw_mean,FALSE,FALSE,2.6522,2.3869800000000003,2.12176,FALSE,FALSE,1.8742,1.8742,assumed_sqrt_mean_in_extraction,,0.4190838603430106,sd_div_sqrt_n,,FALSE,FALSE,TRUE,FALSE,FALSE,control
whitlow_1978_thesis,es121,20,20,3.5127,,,,3.5127,3.5127,3.5127,raw_mean,FALSE,FALSE,2.6522,2.3869800000000003,2.12176,FALSE,FALSE,1.8742,1.8742,assumed_sqrt_mean_in_extraction,,0.4190838603430106,sd_div_sqrt_n,,FALSE,FALSE,TRUE,FALSE,FALSE,control
whitlow_1978_thesis,es122,20,20,3.8478,,,,3.8478,3.8478,3.8478,raw_mean,FALSE,FALSE,2.6522,2.3869800000000003,2.12176,FALSE,FALSE,1.9616,1.9616,assumed_sqrt_mean_in_extraction,,0.4386270944663587,sd_div_sqrt_n,,FALSE,FALSE,TRUE,FALSE,FALSE,control
whitlow_1978_thesis,es123,20,20,3.8478,,,,3.8478,3.8478,3.8478,raw_mean,FALSE,FALSE,2.6522,2.3869800000000003,2.12176,FALSE,FALSE,1.9616,1.9616,assumed_sqrt_mean_in_extraction,,0.4386270944663587,sd_div_sqrt_n,,FALSE,FALSE,TRUE,FALSE,FALSE,control
whitlow_1978_thesis,es124,20,20,2.3849,,,,2.3849,2.3849,2.3849,raw_mean,FALSE,FALSE,1.14,1.026,0.9119999999999999,FALSE,FALSE,1.5443,1.5443,assumed_sqrt_mean_in_extraction,,0.3453159777652925,sd_div_sqrt_n,,FALSE,FALSE,TRUE,FALSE,FALSE,control
whitlow_1978_thesis,es125,20,20,2.3849,,,,2.3849,2.3849,2.3849,raw_mean,FALSE,FALSE,1.14,1.026,0.9119999999999999,FALSE,FALSE,1.5443,1.5443,assumed_sqrt_mean_in_extraction,,0.3453159777652925,sd_div_sqrt_n,,FALSE,FALSE,TRUE,FALSE,FALSE,control
whitlow_1978_thesis,es126,20,20,1.5268,,,,1.5268,1.5268,1.5268,raw_mean,FALSE,FALSE,1.14,1.026,0.9119999999999999,FALSE,FALSE,1.2357,1.2357,assumed_sqrt_mean_in_extraction,,0.276310919979649,sd_div_sqrt_n,,FALSE,FALSE,TRUE,FALSE,FALSE,control
whitlow_1978_thesis,es127,20,20,1.5268,,,,1.5268,1.5268,1.5268,raw_mean,FALSE,FALSE,1.14,1.026,0.9119999999999999,FALSE,FALSE,1.2357,1.2357,assumed_sqrt_mean_in_extraction,,0.276310919979649,sd_div_sqrt_n,,FALSE,FALSE,TRUE,FALSE,FALSE,control
whitlow_1978_thesis,es128,20,20,2.775,,,,2.775,2.775,2.775,raw_mean,FALSE,FALSE,1.14,1.026,0.9119999999999999,FALSE,FALSE,1.6658,1.6658,assumed_sqrt_mean_in_extraction,,0.37248420369191493,sd_div_sqrt_n,,FALSE,FALSE,TRUE,FALSE,FALSE,control
whitlow_1978_thesis,es129,20,20,2.775,,,,2.775,2.775,2.775,raw_mean,FALSE,FALSE,1.14,1.026,0.9119999999999999,FALSE,FALSE,1.6658,1.6658,assumed_sqrt_mean_in_extraction,,0.37248420369191493,sd_div_sqrt_n,,FALSE,FALSE,TRUE,FALSE,FALSE,control
abramova_2020_genpath,es130,8,8,51.375,,,,51.375,51.375,51.375,raw_mean,FALSE,FALSE,6.4,5.760000000000001,5.120000000000001,FALSE,FALSE,16.8263,16.8263,raw_sd,18.1638,5.948995416139602,recalculated_from_sd,,FALSE,FALSE,FALSE,TRUE,TRUE,control
abramova_2020_genpath,es131,8,8,65.5,,,,65.5,65.5,65.5,raw_mean,FALSE,FALSE,6.4,5.760000000000001,5.120000000000001,FALSE,FALSE,17.0042,17.0042,raw_sd,23.1577,6.011892564326145,recalculated_from_sd,,FALSE,FALSE,FALSE,TRUE,TRUE,control
abramova_2020_genpath,es132,8,8,23.625,,,,23.625,23.625,23.625,raw_mean,FALSE,FALSE,4.3889,3.95001,3.51112,FALSE,FALSE,6.7387,6.7387,raw_sd,8.3527,2.3824902331908935,recalculated_from_sd,,FALSE,FALSE,FALSE,TRUE,TRUE,control
abramova_2020_genpath,es133,8,8,28.125,,,,28.125,28.125,28.125,raw_mean,FALSE,FALSE,4.3889,3.95001,3.51112,FALSE,FALSE,6.4683,6.4683,raw_sd,9.9437,2.2868893963744727,recalculated_from_sd,,FALSE,FALSE,FALSE,TRUE,TRUE,control
abramova_2020_genpath,es134,8,8,1.875,,,,1.875,1.875,1.875,raw_mean,FALSE,FALSE,0.18718749999999998,0.16846874999999997,0.14975,FALSE,FALSE,2.997,2.997,raw_sd,0.6629,1.0595995116080414,recalculated_from_sd,,FALSE,FALSE,FALSE,TRUE,TRUE,control
abramova_2020_genpath,es135,8,8,2.75,,,,2.75,2.75,2.75,raw_mean,FALSE,FALSE,0.18718749999999998,0.16846874999999997,0.14975,FALSE,FALSE,1.8323,1.8323,raw_sd,0.9723,0.6478158775840555,recalculated_from_sd,,FALSE,FALSE,FALSE,TRUE,TRUE,control
abramova_2020_genpath,es136,8,8,12.5038,,,,12.5038,12.5038,12.5038,raw_mean,FALSE,FALSE,12.5038,11.25342,10.00304,FALSE,FALSE,11.0261,11.0261,raw_sd,4.4207,3.8983150400204956,recalculated_from_sd,,FALSE,FALSE,FALSE,TRUE,TRUE,control
abramova_2020_genpath,es137,8,8,13.8713,,,,13.8713,13.8713,13.8713,raw_mean,FALSE,FALSE,12.5038,11.25342,10.00304,FALSE,FALSE,13.5053,13.5053,raw_sd,4.9042,4.7748446059793395,recalculated_from_sd,,FALSE,FALSE,FALSE,TRUE,TRUE,control
abramova_2020_genpath,es138,8,8,9.4775,,,,9.4775,9.4775,9.4775,raw_mean,FALSE,FALSE,8.2563,7.43067,6.60504,FALSE,FALSE,15.5527,15.5527,raw_sd,3.3508,5.498709817880008,recalculated_from_sd,,FALSE,FALSE,FALSE,TRUE,TRUE,control
abramova_2020_genpath,es139,8,8,8.2563,,,,8.2563,8.2563,8.2563,raw_mean,FALSE,FALSE,8.2563,7.43067,6.60504,FALSE,FALSE,21.4515,21.4515,raw_sd,2.919,7.584250558311611,recalculated_from_sd,,FALSE,FALSE,FALSE,TRUE,TRUE,control
abramova_2020_genpath,es140,8,8,4.625,,,,4.625,4.625,4.625,raw_mean,FALSE,FALSE,2.6522,2.3869800000000003,2.12176,FALSE,FALSE,3.7009,3.7009,raw_sd,1.6352,1.3084657432466467,recalculated_from_sd,,FALSE,FALSE,FALSE,TRUE,TRUE,control
abramova_2020_genpath,es141,8,8,2.875,,,,2.875,2.875,2.875,raw_mean,FALSE,FALSE,2.6522,2.3869800000000003,2.12176,FALSE,FALSE,1.8077,1.8077,raw_sd,1.0165,0.6391184641754609,recalculated_from_sd,,FALSE,FALSE,FALSE,TRUE,TRUE,control
abramova_2020_genpath,es142,20,20,282.218,,,,282.218,282.218,282.218,raw_mean,FALSE,FALSE,242.4406,218.19654,193.95248,FALSE,FALSE,17.0866,17.0866,raw_sd,63.1059,3.820679910434791,recalculated_from_sd,,FALSE,FALSE,FALSE,TRUE,TRUE,control
abramova_2020_genpath,es143,18,18,270.4478,,,,270.4478,270.4478,270.4478,raw_mean,FALSE,FALSE,242.4406,218.19654,193.95248,FALSE,FALSE,23.5988,23.5988,raw_sd,63.7452,5.5622905026217,recalculated_from_sd,,FALSE,FALSE,FALSE,TRUE,TRUE,control
abramova_2020_genpath,es144,20,20,15.626,,,,15.626,15.626,15.626,raw_mean,FALSE,FALSE,15.626,14.0634,12.5008,FALSE,FALSE,16.2996,16.2996,raw_sd,3.4941,3.6447013606055574,recalculated_from_sd,,FALSE,FALSE,FALSE,TRUE,TRUE,control
abramova_2020_genpath,es145,18,18,26.8306,,,,26.8306,26.8306,26.8306,raw_mean,FALSE,FALSE,15.626,14.0634,12.5008,FALSE,FALSE,21.928,21.928,raw_sd,6.324,5.168479165952872,recalculated_from_sd,,FALSE,FALSE,FALSE,TRUE,TRUE,control
abramova_2020_genpath,es146,20,20,1.95,,,,1.95,1.95,1.95,raw_mean,FALSE,FALSE,1.95,1.755,1.56,FALSE,FALSE,2.0894,2.0894,raw_sd,0.436,0.46720404321880604,recalculated_from_sd,,FALSE,FALSE,FALSE,TRUE,TRUE,control
abramova_2020_genpath,es147,18,18,4.3889,,,,4.3889,4.3889,4.3889,raw_mean,FALSE,FALSE,1.95,1.755,1.56,FALSE,FALSE,2.6153,2.6153,raw_sd,1.0345,0.6164321216123926,recalculated_from_sd,,FALSE,FALSE,FALSE,TRUE,TRUE,control
abramova_2020_genpath,es148,20,20,2.9,,,,2.9,2.9,2.9,raw_mean,FALSE,FALSE,0.25865,0.232785,0.20692,FALSE,FALSE,1.2524,1.2524,raw_sd,0.6485,0.28004515350207365,recalculated_from_sd,,FALSE,FALSE,FALSE,TRUE,TRUE,control
abramova_2020_genpath,es149,18,18,3.7222,,,,3.7222,3.7222,3.7222,raw_mean,FALSE,FALSE,0.25865,0.232785,0.20692,FALSE,FALSE,1.8726,1.8726,raw_sd,0.8773,0.441376052816643,recalculated_from_sd,,FALSE,FALSE,FALSE,TRUE,TRUE,control
abramova_2020_genpath,es150,20,20,2.95,,,,2.95,2.95,2.95,raw_mean,FALSE,FALSE,2.95,2.6550000000000002,2.3600000000000003,FALSE,FALSE,3.0517,3.0517,raw_sd,0.6596,0.6823808646936108,recalculated_from_sd,,FALSE,FALSE,FALSE,TRUE,TRUE,control
abramova_2020_genpath,es151,18,18,5.7778,,,,5.7778,5.7778,5.7778,raw_mean,FALSE,FALSE,2.95,2.6550000000000002,2.3600000000000003,FALSE,FALSE,4.9415,4.9415,raw_sd,1.3618,1.1647227197444416,recalculated_from_sd,,FALSE,FALSE,FALSE,TRUE,TRUE,control
abramova_2020_genpath,es152,20,20,47.411,,,,47.411,47.411,47.411,raw_mean,FALSE,FALSE,22.57,20.313000000000002,18.056,FALSE,FALSE,38.3449,38.3449,raw_sd,10.6014,8.574180299043169,recalculated_from_sd,,FALSE,FALSE,FALSE,TRUE,TRUE,control
abramova_2020_genpath,es153,18,18,46.7839,,,,46.7839,46.7839,46.7839,raw_mean,FALSE,FALSE,22.57,20.313000000000002,18.056,FALSE,FALSE,44.2145,44.2145,raw_sd,11.0271,10.421457592257536,recalculated_from_sd,,FALSE,FALSE,FALSE,TRUE,TRUE,control
abramova_2020_genpath,es154,20,20,8.25,,,,8.25,8.25,8.25,raw_mean,FALSE,FALSE,8,7.2,6.4,FALSE,FALSE,3.8645,3.8645,raw_sd,1.8448,0.8641284699047938,recalculated_from_sd,,FALSE,FALSE,FALSE,TRUE,TRUE,control
abramova_2020_genpath,es155,18,18,11.7222,,,,11.7222,11.7222,11.7222,raw_mean,FALSE,FALSE,8,7.2,6.4,FALSE,FALSE,5.4966,5.4966,raw_sd,2.763,1.2955610444899925,recalculated_from_sd,,FALSE,FALSE,FALSE,TRUE,TRUE,control
abramova_2020_genpath,es156,20,20,22.984,,,,22.984,22.984,22.984,raw_mean,FALSE,FALSE,1.13695,1.023255,0.9095599999999999,FALSE,FALSE,36.2606,36.2606,raw_sd,5.1394,8.108116650492887,recalculated_from_sd,,FALSE,FALSE,FALSE,TRUE,TRUE,control
abramova_2020_genpath,es157,18,18,11.1783,,,,11.1783,11.1783,11.1783,raw_mean,FALSE,FALSE,1.13695,1.023255,0.9095599999999999,FALSE,FALSE,30.8267,30.8267,raw_sd,2.6348,7.265922870534449,recalculated_from_sd,,FALSE,FALSE,FALSE,TRUE,TRUE,control
abramova_2020_genpath,es158,20,20,3.8,,,,3.8,3.8,3.8,raw_mean,FALSE,FALSE,2.6281499999999998,2.365335,2.1025199999999997,FALSE,FALSE,2.3753,2.3753,raw_sd,0.8497,0.5311332266955251,recalculated_from_sd,,FALSE,FALSE,FALSE,TRUE,TRUE,control
abramova_2020_genpath,es159,18,18,4.3889,,,,4.3889,4.3889,4.3889,raw_mean,FALSE,FALSE,2.6281499999999998,2.365335,2.1025199999999997,FALSE,FALSE,2.2528,2.2528,raw_sd,1.0345,0.5309900522190182,recalculated_from_sd,,FALSE,FALSE,FALSE,TRUE,TRUE,control
abramova_2020_genpath,es160,21,21,247.5357,,,,247.5357,247.5357,247.5357,raw_mean,FALSE,FALSE,26.79,24.111,21.432000000000002,FALSE,FALSE,63.8354,63.8354,raw_sd,54.0167,13.93002631037067,recalculated_from_sd,,FALSE,FALSE,FALSE,TRUE,TRUE,control
abramova_2020_genpath,es161,18,18,179.33,,,,179.33,179.33,179.33,raw_mean,FALSE,FALSE,26.79,24.111,21.432000000000002,FALSE,FALSE,56.2763,56.2763,raw_sd,42.2685,13.264451116696168,recalculated_from_sd,,FALSE,FALSE,FALSE,TRUE,TRUE,control
abramova_2020_genpath,es162,8,8,52.7727,,,,52.7727,52.7727,52.7727,raw_mean,FALSE,FALSE,40.48,36.431999999999995,32.384,FALSE,FALSE,34.0695,34.0695,raw_sd,18.658,12.045387240817538,recalculated_from_sd,,FALSE,FALSE,FALSE,TRUE,TRUE,control
abramova_2020_genpath,es163,17,17,63.8303,,,,63.8303,63.8303,63.8303,raw_mean,FALSE,FALSE,40.48,36.431999999999995,32.384,FALSE,FALSE,26.4372,26.4372,raw_sd,15.4811,6.411962826210543,recalculated_from_sd,,FALSE,FALSE,FALSE,TRUE,TRUE,control
abramova_2023_biopsy,es164,9,9,51.7,,,,51.7,51.7,51.7,raw_mean,FALSE,FALSE,6.4,5.760000000000001,5.120000000000001,FALSE,FALSE,8.1,8.1,raw_sd,2.7,2.7,raw_se_verified,,FALSE,FALSE,FALSE,FALSE,FALSE,control
abramova_2023_biopsy,es165,10,10,53.2,,,,53.2,53.2,53.2,raw_mean,FALSE,FALSE,6.4,5.760000000000001,5.120000000000001,FALSE,FALSE,11.068,11.068,raw_sd,3.5,3.5,raw_se_verified,,FALSE,FALSE,FALSE,FALSE,FALSE,control
abramova_2023_biopsy,es166,9,9,23.4,,,,23.4,23.4,23.4,raw_mean,FALSE,FALSE,4.3889,3.95001,3.51112,FALSE,FALSE,5.1,5.1,raw_sd,1.7,1.7,raw_se_verified,,FALSE,FALSE,FALSE,FALSE,FALSE,control
abramova_2023_biopsy,es167,10,10,23.4,,,,23.4,23.4,23.4,raw_mean,FALSE,FALSE,4.3889,3.95001,3.51112,FALSE,FALSE,7.9057,7.9057,raw_sd,2.5,2.5,raw_se_verified,,FALSE,FALSE,FALSE,FALSE,FALSE,control
abramova_2023_biopsy,es168,9,9,,2,1,3,2,2,2,luo_2018_q1_median_q3,FALSE,FALSE,0.18718749999999998,0.16846874999999997,0.14975,FALSE,FALSE,,1.7493603130956201,wan_2014_q1_q3,,0.5831201043652067,sd_div_sqrt_n,,FALSE,FALSE,FALSE,FALSE,FALSE,control
abramova_2023_biopsy,es169,10,10,,2,1.2,3,2.0739,2.0739,2.0739,luo_2018_q1_median_q3,FALSE,FALSE,0.18718749999999998,0.16846874999999997,0.14975,FALSE,FALSE,,1.5480062365520704,wan_2014_q1_q3,,0.48952255396499395,sd_div_sqrt_n,,FALSE,FALSE,FALSE,FALSE,FALSE,control
abramova_2023_biopsy,es170,9,9,23.7,,,,23.7,23.7,23.7,raw_mean,FALSE,FALSE,8.2563,7.43067,6.60504,FALSE,FALSE,14.7,14.7,raw_sd,4.9,4.9,raw_se_verified,,FALSE,FALSE,FALSE,FALSE,FALSE,control
abramova_2023_biopsy,es171,10,10,18.3,,,,18.3,18.3,18.3,raw_mean,FALSE,FALSE,8.2563,7.43067,6.60504,FALSE,FALSE,9.4868,9.4868,raw_sd,3,3,raw_se_verified,,FALSE,FALSE,FALSE,FALSE,FALSE,control
abramova_2023_biopsy,es172,9,9,,16.3,11.3,22.7,16.820333333333334,16.820333333333334,16.820333333333334,luo_2018_q1_median_q3,FALSE,FALSE,12.5038,11.25342,10.00304,FALSE,FALSE,,9.971353784645034,wan_2014_q1_q3,,3.323784594881678,sd_div_sqrt_n,,FALSE,FALSE,FALSE,FALSE,FALSE,control
abramova_2023_biopsy,es173,10,10,,24.7,23.3,30.2,26.214949999999998,26.214949999999998,26.214949999999998,luo_2018_q1_median_q3,FALSE,FALSE,12.5038,11.25342,10.00304,FALSE,FALSE,,5.934023906782935,wan_2014_q1_q3,,1.8765031235324763,sd_div_sqrt_n,,FALSE,FALSE,FALSE,FALSE,FALSE,control
abramova_2023_biopsy,es174,9,9,3.3,,,,3.3,3.3,3.3,raw_mean,FALSE,FALSE,2.6522,2.3869800000000003,2.12176,FALSE,FALSE,1.8,1.8,raw_sd,0.6,0.6,raw_se_verified,,FALSE,FALSE,FALSE,FALSE,FALSE,control
abramova_2023_biopsy,es175,10,10,4.8,,,,4.8,4.8,4.8,raw_mean,FALSE,FALSE,2.6522,2.3869800000000003,2.12176,FALSE,FALSE,1.8974,1.8974,raw_sd,0.6,0.6,raw_se_verified,,FALSE,FALSE,FALSE,FALSE,FALSE,control
abramova_2023_biopsy,es176,9,9,,4.6,3.8,5.4,4.6,4.6,4.6,luo_2018_q1_median_q3,FALSE,FALSE,0.11231249999999998,0.10108124999999998,0.08984999999999999,FALSE,FALSE,,1.3994882504764967,wan_2014_q1_q3,,0.4664960834921656,sd_div_sqrt_n,,FALSE,FALSE,FALSE,FALSE,FALSE,control
abramova_2023_biopsy,es177,10,10,,6.5,4,8.1,6.1674500000000005,6.1674500000000005,6.1674500000000005,luo_2018_q1_median_q3,FALSE,FALSE,0.11231249999999998,0.10108124999999998,0.08984999999999999,FALSE,FALSE,,3.5260142054797154,wan_2014_q1_q3,,1.115023595142486,sd_div_sqrt_n,,FALSE,FALSE,FALSE,FALSE,FALSE,control
abramova_2023_biopsy,es178,9,9,264,,,,264,264,264,raw_mean,FALSE,FALSE,242.4406,218.19654,193.95248,FALSE,FALSE,21,21,raw_sd,7,7,raw_se_verified,,FALSE,FALSE,FALSE,FALSE,FALSE,control
abramova_2023_biopsy,es179,10,10,269,,,,269,269,269,raw_mean,FALSE,FALSE,242.4406,218.19654,193.95248,FALSE,FALSE,15.8114,15.8114,raw_sd,5,5,raw_se_verified,,FALSE,FALSE,FALSE,FALSE,FALSE,control
abramova_2023_biopsy,es180,9,9,,27.1,19.4,51.5,33.30683333333334,33.30683333333334,33.30683333333334,luo_2018_q1_median_q3,FALSE,FALSE,15.626,14.0634,12.5008,FALSE,FALSE,,28.077233025184707,wan_2014_q1_q3,,9.359077675061569,sd_div_sqrt_n,,FALSE,FALSE,FALSE,FALSE,FALSE,control
abramova_2023_biopsy,es181,10,10,,19.6,17.7,40.5,26.6205,26.6205,26.6205,luo_2018_q1_median_q3,FALSE,FALSE,15.626,14.0634,12.5008,FALSE,FALSE,,19.608078996326224,wan_2014_q1_q3,,6.200619016889923,sd_div_sqrt_n,,FALSE,TRUE,FALSE,FALSE,FALSE,control
abramova_2023_biopsy,es182,9,9,6.2,,,,6.2,6.2,6.2,raw_mean,FALSE,FALSE,1.95,1.755,1.56,FALSE,FALSE,3,3,raw_sd,1,1,raw_se_verified,,FALSE,FALSE,FALSE,FALSE,FALSE,control
abramova_2023_biopsy,es183,10,10,4.7,,,,4.7,4.7,4.7,raw_mean,FALSE,FALSE,1.95,1.755,1.56,FALSE,FALSE,1.9606,1.9606,raw_sd,0.62,0.62,raw_se_verified,,FALSE,FALSE,FALSE,FALSE,FALSE,control
abramova_2023_biopsy,es184,9,9,,0,0,0,0,0.232785,0.20692,luo_2018_q1_median_q3,TRUE,TRUE,0.25865,0.232785,0.20692,FALSE,TRUE,,0,wan_2014_q1_q3,,0,sd_div_sqrt_n,,TRUE,FALSE,FALSE,FALSE,FALSE,control
abramova_2023_biopsy,es185,10,10,,2,1.2,2,1.7044000000000001,1.7044000000000001,1.7044000000000001,luo_2018_q1_median_q3,FALSE,FALSE,0.25865,0.232785,0.20692,FALSE,FALSE,,0.6880027718009202,wan_2014_q1_q3,,0.2175655795399973,sd_div_sqrt_n,,FALSE,TRUE,FALSE,FALSE,FALSE,control
abramova_2023_biopsy,es186,9,9,6.7,,,,6.7,6.7,6.7,raw_mean,FALSE,FALSE,2.95,2.6550000000000002,2.3600000000000003,FALSE,FALSE,4.5,4.5,raw_sd,1.5,1.5,raw_se_verified,,FALSE,FALSE,FALSE,FALSE,FALSE,control
abramova_2023_biopsy,es187,10,10,7.8,,,,7.8,7.8,7.8,raw_mean,FALSE,FALSE,2.95,2.6550000000000002,2.3600000000000003,FALSE,FALSE,3.7947,3.7947,raw_sd,1.2,1.2,raw_se_verified,,FALSE,FALSE,FALSE,FALSE,FALSE,control
abramova_2023_biopsy,es188,9,9,14.9,,,,14.9,14.9,14.9,raw_mean,FALSE,FALSE,8,7.2,6.4,FALSE,FALSE,5.4,5.4,raw_sd,1.8,1.8,raw_se_verified,,FALSE,FALSE,FALSE,FALSE,FALSE,control
abramova_2023_biopsy,es189,10,10,15.8,,,,15.8,15.8,15.8,raw_mean,FALSE,FALSE,8,7.2,6.4,FALSE,FALSE,4.111,4.111,raw_sd,1.3,1.3,raw_se_verified,,FALSE,FALSE,FALSE,FALSE,FALSE,control
abramova_2023_biopsy,es190,9,9,,0,0,0,0,1.023255,0.9095599999999999,luo_2018_q1_median_q3,TRUE,TRUE,1.13695,1.023255,0.9095599999999999,FALSE,TRUE,,0,wan_2014_q1_q3,,0,sd_div_sqrt_n,,TRUE,FALSE,FALSE,FALSE,FALSE,control
abramova_2023_biopsy,es191,10,10,,3.8,0,11.6,5.2780000000000005,5.2780000000000005,5.2780000000000005,luo_2018_q1_median_q3,FALSE,FALSE,1.13695,1.023255,0.9095599999999999,FALSE,FALSE,,9.976040191113341,wan_2014_q1_q3,,3.1547009033299607,sd_div_sqrt_n,,FALSE,FALSE,FALSE,FALSE,FALSE,control
abramova_2023_biopsy,es192,9,9,24.9,,,,24.9,24.9,24.9,raw_mean,FALSE,FALSE,22.57,20.313000000000002,18.056,FALSE,FALSE,20.7,20.7,raw_sd,6.9,6.9,raw_se_verified,,FALSE,FALSE,FALSE,FALSE,FALSE,control
abramova_2023_biopsy,es193,10,10,24,,,,24,24,24,raw_mean,FALSE,FALSE,22.57,20.313000000000002,18.056,FALSE,FALSE,14.8627,14.8627,raw_sd,4.7,4.7,raw_se_verified,,FALSE,FALSE,FALSE,FALSE,FALSE,control
abramova_2023_biopsy,es194,9,9,,3,2,4,3,3,3,luo_2018_q1_median_q3,FALSE,FALSE,2.6281499999999998,2.365335,2.1025199999999997,FALSE,FALSE,,1.7493603130956201,wan_2014_q1_q3,,0.5831201043652067,sd_div_sqrt_n,,FALSE,FALSE,FALSE,FALSE,FALSE,control
abramova_2023_biopsy,es195,10,10,,4,2.2,4,3.3349,3.3349,3.3349,luo_2018_q1_median_q3,FALSE,FALSE,2.6281499999999998,2.365335,2.1025199999999997,FALSE,FALSE,,1.5480062365520701,wan_2014_q1_q3,,0.4895225539649939,sd_div_sqrt_n,,FALSE,TRUE,FALSE,FALSE,FALSE,control
abramova_2023_biopsy,es196,9,9,6.8,,,,6.8,6.8,6.8,raw_mean,FALSE,FALSE,6.4,5.760000000000001,5.120000000000001,FALSE,FALSE,5.4,5.4,raw_sd,1.8,1.8,raw_se_verified,,FALSE,FALSE,FALSE,FALSE,FALSE,control
abramova_2023_biopsy,es197,10,10,6.4,,,,6.4,6.4,6.4,raw_mean,FALSE,FALSE,6.4,5.760000000000001,5.120000000000001,FALSE,FALSE,2.846,2.846,raw_sd,0.9,0.9,raw_se_verified,,FALSE,FALSE,FALSE,FALSE,FALSE,control
abramova_2023_biopsy,es198,9,9,63.5,,,,63.5,63.5,63.5,raw_mean,FALSE,FALSE,40.48,36.431999999999995,32.384,FALSE,FALSE,17.4,17.4,raw_sd,5.8,5.8,raw_se_verified,,FALSE,FALSE,FALSE,FALSE,FALSE,control
abramova_2023_biopsy,es199,10,10,62.3,,,,62.3,62.3,62.3,raw_mean,FALSE,FALSE,40.48,36.431999999999995,32.384,FALSE,FALSE,21.1873,21.1873,raw_sd,6.7,6.7,raw_se_verified,,FALSE,FALSE,FALSE,FALSE,FALSE,control
abramova_2023_biopsy,es200,9,9,,110,81,143,111.48666666666666,111.48666666666666,111.48666666666666,luo_2018_q1_median_q3,FALSE,FALSE,26.79,24.111,21.432000000000002,FALSE,FALSE,,54.23016970596423,wan_2014_q1_q3,,18.07672323532141,sd_div_sqrt_n,,FALSE,FALSE,FALSE,FALSE,FALSE,control
abramova_2023_biopsy,es201,10,10,,64,45,83,64,64,64,luo_2018_q1_median_q3,FALSE,FALSE,26.79,24.111,21.432000000000002,FALSE,FALSE,,32.68013166054371,wan_2014_q1_q3,,10.334365028149872,sd_div_sqrt_n,,FALSE,FALSE,FALSE,FALSE,FALSE,control
abramova_2023_biopsy,es202,9,9,202,,,,202,202,202,raw_mean,FALSE,FALSE,201,180.9,160.8,FALSE,FALSE,39,39,raw_sd,13,13,raw_se_verified,,FALSE,FALSE,FALSE,FALSE,FALSE,control
abramova_2023_biopsy,es203,10,10,223,,,,223,223,223,raw_mean,FALSE,FALSE,201,180.9,160.8,FALSE,FALSE,82.2192,82.2192,raw_sd,26,26,raw_se_verified,,FALSE,FALSE,FALSE,FALSE,FALSE,control
abramova_2023_biopsy,es204,9,9,43,,,,43,43,43,raw_mean,FALSE,FALSE,22,19.8,17.6,FALSE,FALSE,21,21,raw_sd,7,7,raw_se_verified,,FALSE,FALSE,FALSE,FALSE,FALSE,control
abramova_2023_biopsy,es205,10,10,47,,,,47,47,47,raw_mean,FALSE,FALSE,22,19.8,17.6,FALSE,FALSE,25.2982,25.2982,raw_sd,8,8,raw_se_verified,,FALSE,FALSE,FALSE,FALSE,FALSE,control
abramova_2023_biopsy,es206,9,9,,1,0,4,1.7433333333333332,1.7433333333333332,1.7433333333333332,luo_2018_q1_median_q3,FALSE,FALSE,0.3695,0.33255,0.29560000000000003,FALSE,FALSE,,3.4987206261912402,wan_2014_q1_q3,,1.1662402087304133,sd_div_sqrt_n,,FALSE,FALSE,FALSE,FALSE,FALSE,control
abramova_2023_biopsy,es207,10,10,,0,0,1,0.3695,0.3695,0.3695,luo_2018_q1_median_q3,FALSE,FALSE,0.3695,0.33255,0.29560000000000003,FALSE,FALSE,,0.8600034647511502,wan_2014_q1_q3,,0.2719569744249966,sd_div_sqrt_n,,FALSE,TRUE,FALSE,FALSE,FALSE,control
uygur_2010_aphyhun,es001,10,10,137,,,,137,137,137,raw_mean,FALSE,FALSE,90.9,81.81,72.72000000000001,FALSE,FALSE,,211.5563754652646,se_times_sqrt_n,66.9,66.9,raw_se_verified,,FALSE,FALSE,FALSE,FALSE,FALSE,experimental
uygur_2010_aphyhun,es002,10,10,3.67,,,,3.67,3.67,3.67,raw_mean,FALSE,FALSE,3.67,3.303,2.936,FALSE,FALSE,,2.308462691922917,se_times_sqrt_n,0.73,0.73,raw_se_verified,,FALSE,FALSE,FALSE,FALSE,FALSE,experimental
uygur_2010_aphyhun,es003,10,10,66.67,,,,66.67,66.67,66.67,raw_mean,FALSE,FALSE,66.67,60.003,53.336000000000006,FALSE,FALSE,,53.34762412704057,se_times_sqrt_n,16.87,16.87,raw_se_verified,,FALSE,FALSE,FALSE,FALSE,FALSE,experimental
barzegar_2014_hippo,es004,10,10,33.93,,,,33.93,33.93,33.93,raw_mean,FALSE,FALSE,14.27,12.843,11.416,FALSE,FALSE,19.61,19.61,raw_sd,6.2,6.2,raw_se_verified,,FALSE,FALSE,FALSE,FALSE,FALSE,experimental
barzegar_2014_hippo,es005,10,10,30.78,,,,30.78,30.78,30.78,raw_mean,FALSE,FALSE,16.92,15.228000000000002,13.536000000000001,FALSE,FALSE,4.33,4.33,raw_sd,1.37,1.37,raw_se_verified,,FALSE,FALSE,FALSE,FALSE,FALSE,experimental
barzegar_2014_hippo,es006,10,10,14.27,,,,14.27,14.27,14.27,raw_mean,FALSE,FALSE,14.27,12.843,11.416,FALSE,FALSE,8.43,8.43,raw_sd,8.43,2.6658000675219435,recalculated_from_sd,,FALSE,FALSE,FALSE,TRUE,FALSE,experimental
barzegar_2014_hippo,es007,10,10,21.53,,,,21.53,21.53,21.53,raw_mean,FALSE,FALSE,16.92,15.228000000000002,13.536000000000001,FALSE,FALSE,5.72,5.72,raw_sd,1.81,1.81,raw_se_verified,,FALSE,FALSE,FALSE,FALSE,FALSE,experimental
barzegar_2014_hippo,es008,10,10,15.33,,,,15.33,15.33,15.33,raw_mean,FALSE,FALSE,14.27,12.843,11.416,FALSE,FALSE,8.85,8.85,raw_sd,2.8,2.8,raw_se_verified,,FALSE,FALSE,FALSE,FALSE,FALSE,experimental
barzegar_2014_hippo,es009,10,10,16.92,,,,16.92,16.92,16.92,raw_mean,FALSE,FALSE,16.92,15.228000000000002,13.536000000000001,FALSE,FALSE,8.31,8.31,raw_sd,2.63,2.63,raw_se_verified,,FALSE,FALSE,FALSE,FALSE,FALSE,experimental
hassanvand_2012_phyphar,es010,6,6,35.5825,,,,35.5825,35.5825,35.5825,raw_mean,FALSE,FALSE,35.5825,32.02425,28.466000000000005,FALSE,FALSE,2.916,2.916,raw_sd,1.1904,1.1904,raw_se_verified,,FALSE,FALSE,FALSE,FALSE,FALSE,experimental
hassanvand_2012_phyphar,es011,6,6,20.6957,,,,20.6957,20.6957,20.6957,raw_mean,FALSE,FALSE,4.3889,3.95001,3.51112,FALSE,FALSE,2.4556,2.4556,raw_sd,1.0025,1.0025,raw_se_verified,,FALSE,FALSE,FALSE,FALSE,FALSE,experimental
hassanvand_2012_phyphar,es012,6,6,28.5228,,,,28.5228,28.5228,28.5228,raw_mean,FALSE,FALSE,6.4,5.760000000000001,5.120000000000001,FALSE,FALSE,2.609,2.609,raw_sd,1.0651,1.0651,raw_se_verified,,FALSE,FALSE,FALSE,FALSE,FALSE,experimental
arjunan_2023_stress,es013,6,6,160.21,,,,160.21,160.21,160.21,raw_mean,FALSE,FALSE,0.18,0.162,0.144,FALSE,FALSE,18.85,18.85,raw_sd,7.69,7.69,raw_se_verified,,FALSE,FALSE,FALSE,FALSE,FALSE,experimental
arjunan_2023_stress,es014,6,6,132.86,,,,132.86,132.86,132.86,raw_mean,FALSE,FALSE,71.74,64.566,57.391999999999996,FALSE,FALSE,19.48,19.48,raw_sd,7.95,7.95,raw_se_verified,,FALSE,FALSE,FALSE,FALSE,FALSE,experimental
arjunan_2023_stress,es015,6,6,124.08,,,,124.08,124.08,124.08,raw_mean,FALSE,FALSE,0.18,0.162,0.144,FALSE,FALSE,11.78,11.78,raw_sd,4.81,4.81,raw_se_verified,,FALSE,FALSE,FALSE,FALSE,FALSE,experimental
arjunan_2023_stress,es016,6,6,170.48,,,,170.48,170.48,170.48,raw_mean,FALSE,FALSE,71.74,64.566,57.391999999999996,FALSE,FALSE,10.75,10.75,raw_sd,4.39,4.39,raw_se_verified,,FALSE,FALSE,FALSE,FALSE,FALSE,experimental
arjunan_2023_stress,es017,6,6,93.46,,,,93.46,93.46,93.46,raw_mean,FALSE,FALSE,0.18,0.162,0.144,FALSE,FALSE,11.78,11.78,raw_sd,4.81,4.81,raw_se_verified,,FALSE,FALSE,FALSE,FALSE,FALSE,experimental
arjunan_2023_stress,es018,6,6,202.72,,,,202.72,202.72,202.72,raw_mean,FALSE,FALSE,71.74,64.566,57.391999999999996,FALSE,FALSE,12.09,12.09,raw_sd,4.94,4.94,raw_se_verified,,FALSE,FALSE,FALSE,FALSE,FALSE,experimental
hadizadeh_2018_irjbamedsci,es019,6,6,19.51,,,,19.51,19.51,19.51,raw_mean,FALSE,FALSE,14.27,12.843,11.416,FALSE,FALSE,3.07,3.07,raw_sd,1.25,1.25,raw_se_verified,,FALSE,FALSE,FALSE,FALSE,FALSE,experimental
hadizadeh_2018_irjbamedsci,es020,6,6,17.52,,,,17.52,17.52,17.52,raw_mean,FALSE,FALSE,16.92,15.228000000000002,13.536000000000001,FALSE,FALSE,4.35,4.35,raw_sd,1.78,1.78,raw_se_verified,,FALSE,FALSE,FALSE,FALSE,FALSE,experimental
abramova_2024_devneur,es021,49,49,27.88,,,,27.88,27.88,27.88,raw_mean,FALSE,FALSE,25.42,22.878000000000004,20.336000000000002,FALSE,FALSE,17.52,17.52,raw_sd,2.5,2.5,raw_se_verified,,FALSE,FALSE,FALSE,FALSE,FALSE,experimental
abramova_2024_devneur,es022,44,44,38.35,,,,38.35,38.35,38.35,raw_mean,FALSE,FALSE,25.42,22.878000000000004,20.336000000000002,FALSE,FALSE,24.99,24.99,raw_sd,3.77,3.77,raw_se_verified,,FALSE,FALSE,FALSE,FALSE,FALSE,experimental
abramova_2024_devneur,es023,49,49,4.46,,,,4.46,4.46,4.46,raw_mean,FALSE,FALSE,4.46,4.014,3.568,FALSE,FALSE,3.09,3.09,raw_sd,0.44,0.44,raw_se_verified,,FALSE,FALSE,FALSE,FALSE,FALSE,experimental
abramova_2024_devneur,es024,44,44,8.55,,,,8.55,8.55,8.55,raw_mean,FALSE,FALSE,4.46,4.014,3.568,FALSE,FALSE,5.26,5.26,raw_sd,0.79,0.79,raw_se_verified,,FALSE,FALSE,FALSE,FALSE,FALSE,experimental
abramova_2024_devneur,es025,49,49,20.84,,,,20.84,20.84,20.84,raw_mean,FALSE,FALSE,1.13695,1.023255,0.9095599999999999,FALSE,FALSE,19.55,19.55,raw_sd,2.79,2.79,raw_se_verified,,FALSE,FALSE,FALSE,FALSE,FALSE,experimental
abramova_2024_devneur,es026,44,44,3.27,,,,3.27,3.27,3.27,raw_mean,FALSE,FALSE,1.13695,1.023255,0.9095599999999999,FALSE,FALSE,3.72,3.72,raw_sd,0.56,0.56,raw_se_verified,,FALSE,FALSE,FALSE,FALSE,FALSE,experimental
abramova_2024_devneur,es027,49,49,30.57,,,,30.57,30.57,30.57,raw_mean,FALSE,FALSE,22.57,20.313000000000002,18.056,FALSE,FALSE,22.63,22.63,raw_sd,3.23,3.23,raw_se_verified,,FALSE,FALSE,FALSE,FALSE,FALSE,experimental
abramova_2024_devneur,es028,44,44,48.4,,,,48.4,48.4,48.4,raw_mean,FALSE,FALSE,22.57,20.313000000000002,18.056,FALSE,FALSE,27.76,27.76,raw_sd,4.19,4.19,raw_se_verified,,FALSE,FALSE,FALSE,FALSE,FALSE,experimental
abramova_2024_devneur,es029,49,49,7.61,,,,7.61,7.61,7.61,raw_mean,FALSE,FALSE,6.97,6.273,5.5760000000000005,FALSE,FALSE,4.63,4.63,raw_sd,0.66,0.66,raw_se_verified,,FALSE,FALSE,FALSE,FALSE,FALSE,experimental
abramova_2024_devneur,es030,44,44,12.15,,,,12.15,12.15,12.15,raw_mean,FALSE,FALSE,6.97,6.273,5.5760000000000005,FALSE,FALSE,7.17,7.17,raw_sd,1.08,1.08,raw_se_verified,,FALSE,FALSE,FALSE,FALSE,FALSE,experimental
abramova_2024_devneur,es031,49,49,2.2,,,,2.2,2.2,2.2,raw_mean,FALSE,FALSE,0.18718749999999998,0.16846874999999997,0.14975,FALSE,FALSE,1.91,1.91,raw_sd,0.27,0.27,raw_se_verified,,FALSE,FALSE,FALSE,FALSE,FALSE,experimental
abramova_2024_devneur,es032,44,44,1.48,,,,1.48,1.48,1.48,raw_mean,FALSE,FALSE,0.18718749999999998,0.16846874999999997,0.14975,FALSE,FALSE,1.35,1.35,raw_sd,0.2,0.2,raw_se_verified,,FALSE,FALSE,FALSE,FALSE,FALSE,experimental
abramova_2024_devneur,es033,49,49,23.44,,,,23.44,23.44,23.44,raw_mean,FALSE,FALSE,4.3889,3.95001,3.51112,FALSE,FALSE,10.99,10.99,raw_sd,1.57,1.57,raw_se_verified,,FALSE,FALSE,FALSE,FALSE,FALSE,experimental
abramova_2024_devneur,es034,44,44,15.37,,,,15.37,15.37,15.37,raw_mean,FALSE,FALSE,4.3889,3.95001,3.51112,FALSE,FALSE,8.01,8.01,raw_sd,1.21,1.21,raw_se_verified,,FALSE,FALSE,FALSE,FALSE,FALSE,experimental
abramova_2024_devneur,es035,49,49,44.22,,,,44.22,44.22,44.22,raw_mean,FALSE,FALSE,6.4,5.760000000000001,5.120000000000001,FALSE,FALSE,17.61,17.61,raw_sd,2.52,2.52,raw_se_verified,,FALSE,FALSE,FALSE,FALSE,FALSE,experimental
abramova_2024_devneur,es036,44,44,32.55,,,,32.55,32.55,32.55,raw_mean,FALSE,FALSE,6.4,5.760000000000001,5.120000000000001,FALSE,FALSE,13.67,13.67,raw_sd,2.06,2.06,raw_se_verified,,FALSE,FALSE,FALSE,FALSE,FALSE,experimental
abramova_2024_devneur,es037,49,49,31.13,,,,31.13,31.13,31.13,raw_mean,FALSE,FALSE,8.2563,7.43067,6.60504,FALSE,FALSE,30.81,30.81,raw_sd,4.4,4.4,raw_se_verified,,FALSE,FALSE,FALSE,FALSE,FALSE,experimental
abramova_2024_devneur,es038,44,44,51.69,,,,51.69,51.69,51.69,raw_mean,FALSE,FALSE,8.2563,7.43067,6.60504,FALSE,FALSE,49.02,49.02,raw_sd,7.39,7.39,raw_se_verified,,FALSE,FALSE,FALSE,FALSE,FALSE,experimental
abramova_2024_devneur,es039,49,49,29.12,,,,29.12,29.12,29.12,raw_mean,FALSE,FALSE,12.5038,11.25342,10.00304,FALSE,FALSE,17.2,17.2,raw_sd,2.46,2.46,raw_se_verified,,FALSE,FALSE,FALSE,FALSE,FALSE,experimental
abramova_2024_devneur,es040,44,44,40.38,,,,40.38,40.38,40.38,raw_mean,FALSE,FALSE,12.5038,11.25342,10.00304,FALSE,FALSE,25.3,25.3,raw_sd,3.81,3.81,raw_se_verified,,FALSE,FALSE,FALSE,FALSE,FALSE,experimental
abramova_2024_devneur,es041,49,49,4.49,,,,4.49,4.49,4.49,raw_mean,FALSE,FALSE,2.6522,2.3869800000000003,2.12176,FALSE,FALSE,2.18,2.18,raw_sd,0.31,0.31,raw_se_verified,,FALSE,FALSE,FALSE,FALSE,FALSE,experimental
abramova_2024_devneur,es042,44,44,4.46,,,,4.46,4.46,4.46,raw_mean,FALSE,FALSE,2.6522,2.3869800000000003,2.12176,FALSE,FALSE,2.78,2.78,raw_sd,0.42,0.42,raw_se_verified,,FALSE,FALSE,FALSE,FALSE,FALSE,experimental
abramova_2024_devneur,es043,13,13,86.12,,,,86.12,86.12,86.12,raw_mean,FALSE,FALSE,26.79,24.111,21.432000000000002,FALSE,FALSE,19.43,19.43,raw_sd,5.39,5.39,raw_se_verified,,FALSE,FALSE,FALSE,FALSE,FALSE,experimental
abramova_2024_devneur,es044,14,14,128.29,,,,128.29,128.29,128.29,raw_mean,FALSE,FALSE,26.79,24.111,21.432000000000002,FALSE,FALSE,46.06,46.06,raw_sd,12.31,12.31,raw_se_verified,,FALSE,FALSE,FALSE,FALSE,FALSE,experimental
abramova_2024_devneur,es045,49,49,59.8,,,,59.8,59.8,59.8,raw_mean,FALSE,FALSE,40.48,36.431999999999995,32.384,FALSE,FALSE,,37.800000000000004,se_times_sqrt_n,5.4,5.4,raw_se_verified,,FALSE,FALSE,FALSE,FALSE,FALSE,experimental
abramova_2024_devneur,es046,44,44,57.8,,,,57.8,57.8,57.8,raw_mean,FALSE,FALSE,40.48,36.431999999999995,32.384,FALSE,FALSE,,28.522973197056437,se_times_sqrt_n,4.3,4.3,raw_se_verified,,FALSE,FALSE,FALSE,FALSE,FALSE,experimental
oliveira_2015_jbehavbraisci,es047,12,12,6.22,,,,6.22,6.22,6.22,raw_mean,FALSE,FALSE,6.22,5.598,4.976,FALSE,FALSE,14.36,14.36,raw_sd,4.15,4.15,raw_se_verified,,FALSE,FALSE,FALSE,FALSE,FALSE,experimental
oliveira_2015_jbehavbraisci,es048,12,12,86.53,,,,86.53,86.53,86.53,raw_mean,FALSE,FALSE,6.22,5.598,4.976,FALSE,FALSE,131.03,131.03,raw_sd,37.82,37.82,raw_se_verified,,FALSE,FALSE,FALSE,FALSE,FALSE,experimental
oliveira_2015_jbehavbraisci,es049,12,12,136.27,,,,136.27,136.27,136.27,raw_mean,FALSE,FALSE,6.22,5.598,4.976,FALSE,FALSE,147.18,147.18,raw_sd,42.49,42.49,raw_se_verified,,FALSE,FALSE,FALSE,FALSE,FALSE,experimental
oliveira_2015_jbehavbraisci,es050,12,12,6.54,,,,6.54,6.54,6.54,raw_mean,FALSE,FALSE,5.34,4.806,4.272,FALSE,FALSE,8.21,8.21,raw_sd,2.37,2.37,raw_se_verified,,FALSE,FALSE,FALSE,FALSE,FALSE,experimental
oliveira_2015_jbehavbraisci,es051,12,12,6.6,,,,6.6,6.6,6.6,raw_mean,FALSE,FALSE,5.34,4.806,4.272,FALSE,FALSE,4.06,4.06,raw_sd,1.17,1.17,raw_se_verified,,FALSE,FALSE,FALSE,FALSE,FALSE,experimental
oliveira_2015_jbehavbraisci,es052,12,12,13.2,,,,13.2,13.2,13.2,raw_mean,FALSE,FALSE,5.34,4.806,4.272,FALSE,FALSE,15.44,15.44,raw_sd,4.46,4.46,raw_se_verified,,FALSE,FALSE,FALSE,FALSE,FALSE,experimental
pavlov_2023_molsci,es053,14,14,40.48,,,,40.48,40.48,40.48,raw_mean,FALSE,FALSE,40.48,36.431999999999995,32.384,FALSE,FALSE,13.49,13.49,raw_sd,3.61,3.61,raw_se_verified,,FALSE,FALSE,FALSE,FALSE,FALSE,experimental
pavlov_2023_molsci,es054,14,14,6.4,,,,6.4,6.4,6.4,raw_mean,FALSE,FALSE,6.4,5.760000000000001,5.120000000000001,FALSE,FALSE,3.17,3.17,raw_sd,0.85,0.85,raw_se_verified,,FALSE,FALSE,FALSE,FALSE,FALSE,experimental
pavlov_2023_molsci,es055,14,14,25.99,,,,25.99,25.99,25.99,raw_mean,FALSE,FALSE,0.18,0.162,0.144,FALSE,FALSE,11.15,11.15,raw_sd,2.98,2.98,raw_se_verified,,FALSE,FALSE,FALSE,FALSE,FALSE,experimental
pavlov_2023_molsci,es056,14,14,25.42,,,,25.42,25.42,25.42,raw_mean,FALSE,FALSE,25.42,22.878000000000004,20.336000000000002,FALSE,FALSE,9.56,9.56,raw_sd,2.55,2.55,raw_se_verified,,FALSE,FALSE,FALSE,FALSE,FALSE,experimental
pavlov_2023_molsci,es057,14,14,8.68,,,,8.68,8.68,8.68,raw_mean,FALSE,FALSE,8.68,7.812,6.944,FALSE,FALSE,4.23,4.23,raw_sd,1.13,1.13,raw_se_verified,,FALSE,FALSE,FALSE,FALSE,FALSE,experimental
nishio_2006_intjdevlneur,es058,5,5,24.15,,,,24.15,24.15,24.15,raw_mean,FALSE,FALSE,16.92,15.228000000000002,13.536000000000001,FALSE,FALSE,7.94,7.94,raw_sd,3.55,3.55,raw_se_verified,,FALSE,FALSE,FALSE,FALSE,FALSE,experimental
nishio_2006_intjdevlneur,es059,5,5,29.23,,,,29.23,29.23,29.23,raw_mean,FALSE,FALSE,16.92,15.228000000000002,13.536000000000001,FALSE,FALSE,13.81,13.81,raw_sd,6.17,6.17,raw_se_verified,,FALSE,FALSE,FALSE,FALSE,FALSE,experimental
nishio_2006_intjdevlneur,es060,5,5,46.66,,,,46.66,46.66,46.66,raw_mean,FALSE,FALSE,14.27,12.843,11.416,FALSE,FALSE,7.78,7.78,raw_sd,3.48,3.48,raw_se_verified,,FALSE,FALSE,FALSE,FALSE,FALSE,experimental
nishio_2006_intjdevlneur,es061,5,5,42.1,,,,42.1,42.1,42.1,raw_mean,FALSE,FALSE,14.27,12.843,11.416,FALSE,FALSE,14.82,14.82,raw_sd,6.63,6.63,raw_se_verified,,FALSE,FALSE,FALSE,FALSE,FALSE,experimental
nishio_2006_intjdevlneur,es062,5,5,3.58,,,,3.58,3.58,3.58,raw_mean,FALSE,FALSE,3.58,3.222,2.8640000000000003,FALSE,FALSE,1.18,1.18,raw_sd,0.53,0.53,raw_se_verified,,FALSE,FALSE,FALSE,FALSE,FALSE,experimental
nishio_2006_intjdevlneur,es063,5,5,4.55,,,,4.55,4.55,4.55,raw_mean,FALSE,FALSE,3.58,3.222,2.8640000000000003,FALSE,FALSE,1.15,1.15,raw_sd,0.51,0.51,raw_se_verified,,FALSE,FALSE,FALSE,FALSE,FALSE,experimental
uygur_2011_ankarauniv,es064,10,10,26.79,,,,26.79,26.79,26.79,raw_mean,FALSE,FALSE,26.79,24.111,21.432000000000002,FALSE,FALSE,,24.855502408923464,se_times_sqrt_n,7.86,7.86,raw_se_verified,,FALSE,FALSE,FALSE,FALSE,FALSE,experimental
uygur_2011_ankarauniv,es065,10,10,48.87,,,,48.87,48.87,48.87,raw_mean,FALSE,FALSE,26.79,24.111,21.432000000000002,FALSE,FALSE,,40.57202237996031,se_times_sqrt_n,12.83,12.83,raw_se_verified,,FALSE,FALSE,FALSE,FALSE,FALSE,experimental
uygur_2011_ankarauniv,es066,10,10,39.08,,,,39.08,39.08,39.08,raw_mean,FALSE,FALSE,20.09,18.081,16.072,FALSE,FALSE,,18.84717485460354,se_times_sqrt_n,5.96,5.96,raw_se_verified,,FALSE,FALSE,FALSE,FALSE,FALSE,experimental
uygur_2011_ankarauniv,es067,10,10,33.44,,,,33.44,33.44,33.44,raw_mean,FALSE,FALSE,20.09,18.081,16.072,FALSE,FALSE,,39.46522519890138,se_times_sqrt_n,12.48,12.48,raw_se_verified,,FALSE,FALSE,FALSE,FALSE,FALSE,experimental
uygur_2011_ankarauniv,es068,10,10,6.2,,,,6.2,6.2,6.2,raw_mean,FALSE,FALSE,1.7,1.53,1.36,FALSE,FALSE,,4.490434277439099,se_times_sqrt_n,1.42,1.42,raw_se_verified,,FALSE,FALSE,FALSE,FALSE,FALSE,experimental
uygur_2011_ankarauniv,es069,10,10,1.7,,,,1.7,1.7,1.7,raw_mean,FALSE,FALSE,1.7,1.53,1.36,FALSE,FALSE,,2.8460498941515415,se_times_sqrt_n,0.9,0.9,raw_se_verified,,FALSE,FALSE,FALSE,FALSE,FALSE,experimental
uygur_2011_ankarauniv,es070,10,10,23,,,,23,23,23,raw_mean,FALSE,FALSE,16,14.4,12.8,FALSE,FALSE,,14.67296834318128,se_times_sqrt_n,4.64,4.64,raw_se_verified,,FALSE,FALSE,FALSE,FALSE,FALSE,experimental
uygur_2011_ankarauniv,es071,10,10,18.4,,,,18.4,18.4,18.4,raw_mean,FALSE,FALSE,16,14.4,12.8,FALSE,FALSE,,11.795295672428056,se_times_sqrt_n,3.73,3.73,raw_se_verified,,FALSE,FALSE,FALSE,FALSE,FALSE,experimental
morra_1965_physiolrec,es072,35,35,14.2,,,,14.2,14.2,14.2,raw_mean,FALSE,FALSE,6.4,5.760000000000001,5.120000000000001,FALSE,FALSE,8.3,8.3,raw_sd,,1.4029560628493376,sd_div_sqrt_n,,FALSE,FALSE,FALSE,FALSE,FALSE,experimental
morra_1965_physiolrec,es073,35,35,18.8,,,,18.8,18.8,18.8,raw_mean,FALSE,FALSE,13.1,11.79,10.48,FALSE,FALSE,8.2,8.2,raw_sd,,1.386052977754767,sd_div_sqrt_n,,FALSE,FALSE,FALSE,FALSE,FALSE,experimental
abramova_2021_front,es074,19,19,24.8421,,,,24.8421,24.8421,24.8421,raw_mean,FALSE,FALSE,6.4,5.760000000000001,5.120000000000001,FALSE,FALSE,12.6985,12.6985,raw_sd,2.9132,2.9132,raw_se_verified,,FALSE,FALSE,FALSE,FALSE,FALSE,experimental
abramova_2021_front,es075,18,18,22.1667,,,,22.1667,22.1667,22.1667,raw_mean,FALSE,FALSE,6.4,5.760000000000001,5.120000000000001,FALSE,FALSE,14.5733,14.5733,raw_sd,3.435,3.435,raw_se_verified,,FALSE,FALSE,FALSE,FALSE,FALSE,experimental
abramova_2021_front,es076,19,19,6.8947,,,,6.8947,6.8947,6.8947,raw_mean,FALSE,FALSE,4.3889,3.95001,3.51112,FALSE,FALSE,4.4208,4.4208,raw_sd,1.0142,1.0142,raw_se_verified,,FALSE,FALSE,FALSE,FALSE,FALSE,experimental
abramova_2021_front,es077,18,18,4.3889,,,,4.3889,4.3889,4.3889,raw_mean,FALSE,FALSE,4.3889,3.95001,3.51112,FALSE,FALSE,4.1747,4.1747,raw_sd,0.984,0.984,raw_se_verified,,FALSE,FALSE,FALSE,FALSE,FALSE,experimental
abramova_2021_front,es078,19,19,1.3158,,,,1.3158,1.3158,1.3158,raw_mean,FALSE,FALSE,0.18718749999999998,0.16846874999999997,0.14975,FALSE,FALSE,2.029,2.029,raw_sd,0.4655,0.4655,raw_se_verified,,FALSE,FALSE,FALSE,FALSE,FALSE,experimental
abramova_2021_front,es079,18,18,0.8889,,,,0.8889,0.8889,0.8889,raw_mean,FALSE,FALSE,0.18718749999999998,0.16846874999999997,0.14975,FALSE,FALSE,2.3235,2.3235,raw_sd,0.5477,0.5477,raw_se_verified,,FALSE,FALSE,FALSE,FALSE,FALSE,experimental
abramova_2021_front,es080,19,19,2.9368,,,,2.9368,2.9368,2.9368,raw_mean,FALSE,FALSE,0.7739,0.6965100000000001,0.6191200000000001,FALSE,FALSE,5.119,5.119,raw_sd,1.1744,1.1744,raw_se_verified,,FALSE,FALSE,FALSE,FALSE,FALSE,experimental
abramova_2021_front,es081,18,18,0.7739,,,,0.7739,0.7739,0.7739,raw_mean,FALSE,FALSE,0.7739,0.6965100000000001,0.6191200000000001,FALSE,FALSE,2.1925,2.1925,raw_sd,0.5168,0.5168,raw_se_verified,,FALSE,FALSE,FALSE,FALSE,FALSE,experimental
abramova_2021_front,es082,19,19,2.7895,,,,2.7895,2.7895,2.7895,raw_mean,FALSE,FALSE,2.6522,2.3869800000000003,2.12176,FALSE,FALSE,1.782,1.782,raw_sd,0.4088,0.4088,raw_se_verified,,FALSE,FALSE,FALSE,FALSE,FALSE,experimental
abramova_2021_front,es083,18,18,3,,,,3,3,3,raw_mean,FALSE,FALSE,2.6522,2.3869800000000003,2.12176,FALSE,FALSE,1.7489,1.7489,raw_sd,0.4122,0.4122,raw_se_verified,,FALSE,FALSE,FALSE,FALSE,FALSE,experimental
abramova_2021_front,es084,19,19,28.2516,,,,28.2516,28.2516,28.2516,raw_mean,FALSE,FALSE,12.5038,11.25342,10.00304,FALSE,FALSE,24.6902,24.6902,raw_sd,5.6643,5.6643,raw_se_verified,,FALSE,FALSE,FALSE,FALSE,FALSE,experimental
abramova_2021_front,es085,18,18,24.2061,,,,24.2061,24.2061,24.2061,raw_mean,FALSE,FALSE,12.5038,11.25342,10.00304,FALSE,FALSE,17.297,17.297,raw_sd,4.0769,4.0769,raw_se_verified,,FALSE,FALSE,FALSE,FALSE,FALSE,experimental
abramova_2021_front,es086,19,19,62.3595,,,,62.3595,62.3595,62.3595,raw_mean,FALSE,FALSE,8.2563,7.43067,6.60504,FALSE,FALSE,53.8477,53.8477,raw_sd,12.3535,12.3535,raw_se_verified,,FALSE,FALSE,FALSE,FALSE,FALSE,experimental
abramova_2021_front,es087,18,18,79.8783,,,,79.8783,79.8783,79.8783,raw_mean,FALSE,FALSE,8.2563,7.43067,6.60504,FALSE,FALSE,55.483,55.483,raw_sd,13.0775,13.0775,raw_se_verified,,FALSE,FALSE,FALSE,FALSE,FALSE,experimental
badache_2017_stress,es088,16,16,253.78,,,,253.78,253.78,253.78,raw_mean,FALSE,FALSE,216.89,195.201,173.512,FALSE,FALSE,51.89,51.89,raw_sd,12.97,12.97,raw_se_verified,,FALSE,FALSE,FALSE,FALSE,FALSE,experimental
badache_2017_stress,es089,16,16,45.26,,,,45.26,45.26,45.26,raw_mean,FALSE,FALSE,6.4,5.760000000000001,5.120000000000001,FALSE,FALSE,8.92,8.92,raw_sd,2.23,2.23,raw_se_verified,,FALSE,FALSE,FALSE,FALSE,FALSE,experimental
badache_2017_stress,es090,16,16,0.18,,,,0.18,0.18,0.18,raw_mean,FALSE,FALSE,0.18,0.162,0.144,FALSE,FALSE,0.26,0.26,raw_sd,0.07,0.07,raw_se_verified,,FALSE,FALSE,FALSE,FALSE,FALSE,experimental
badache_2017_stress,es091,16,16,8.54,,,,8.54,8.54,8.54,raw_mean,FALSE,FALSE,8.54,7.685999999999999,6.832,FALSE,FALSE,1.93,1.93,raw_sd,0.48,0.48,raw_se_verified,,FALSE,FALSE,FALSE,FALSE,FALSE,experimental
badache_2017_stress,es092,16,16,67.96,,,,67.96,67.96,67.96,raw_mean,FALSE,FALSE,25.42,22.878000000000004,20.336000000000002,FALSE,FALSE,14.69,14.69,raw_sd,3.67,3.67,raw_se_verified,,FALSE,FALSE,FALSE,FALSE,FALSE,experimental
badache_2017_stress,es093,16,16,7.77,,,,7.77,7.77,7.77,raw_mean,FALSE,FALSE,7.77,6.992999999999999,6.216,FALSE,FALSE,2.05,2.05,raw_sd,0.51,0.51,raw_se_verified,,FALSE,FALSE,FALSE,FALSE,FALSE,experimental
`,es094,20,20,71.2285,,,,71.2285,71.2285,71.2285,raw_mean,FALSE,FALSE,6.4,5.760000000000001,5.120000000000001,FALSE,FALSE,8.4397,8.4397,assumed_sqrt_mean_in_extraction,,1.8871742909704974,sd_div_sqrt_n,,FALSE,FALSE,TRUE,FALSE,FALSE,experimental
whitlow_1978_thesis,es095,20,20,60.8719,,,,60.8719,60.8719,60.8719,raw_mean,FALSE,FALSE,6.4,5.760000000000001,5.120000000000001,FALSE,FALSE,7.802,7.802,assumed_sqrt_mean_in_extraction,,1.7445802360453357,sd_div_sqrt_n,,FALSE,FALSE,TRUE,FALSE,FALSE,experimental
whitlow_1978_thesis,es096,20,20,42.8005,,,,42.8005,42.8005,42.8005,raw_mean,FALSE,FALSE,6.4,5.760000000000001,5.120000000000001,FALSE,FALSE,6.5422,6.5422,assumed_sqrt_mean_in_extraction,,1.4628803922399125,sd_div_sqrt_n,,FALSE,FALSE,TRUE,FALSE,FALSE,experimental
whitlow_1978_thesis,es097,20,20,36.8824,,,,36.8824,36.8824,36.8824,raw_mean,FALSE,FALSE,6.4,5.760000000000001,5.120000000000001,FALSE,FALSE,6.0731,6.0731,assumed_sqrt_mean_in_extraction,,1.3579864434153972,sd_div_sqrt_n,,FALSE,FALSE,TRUE,FALSE,FALSE,experimental
whitlow_1978_thesis,es098,20,20,26.7371,,,,26.7371,26.7371,26.7371,raw_mean,FALSE,FALSE,6.4,5.760000000000001,5.120000000000001,FALSE,FALSE,5.1708,5.1708,assumed_sqrt_mean_in_extraction,,1.156226029805591,sd_div_sqrt_n,,FALSE,FALSE,TRUE,FALSE,FALSE,experimental
whitlow_1978_thesis,es099,20,20,15.7464,,,,15.7464,15.7464,15.7464,raw_mean,FALSE,FALSE,6.4,5.760000000000001,5.120000000000001,FALSE,FALSE,3.9682,3.9682,assumed_sqrt_mean_in_extraction,,0.8873164948314665,sd_div_sqrt_n,,FALSE,FALSE,TRUE,FALSE,FALSE,experimental
whitlow_1978_thesis,es100,20,20,3.6809,,,,3.6809,3.6809,3.6809,raw_mean,FALSE,FALSE,2.6522,2.3869800000000003,2.12176,FALSE,FALSE,1.9186,1.9186,assumed_sqrt_mean_in_extraction,,0.42901200216310964,sd_div_sqrt_n,,FALSE,FALSE,TRUE,FALSE,FALSE,experimental
whitlow_1978_thesis,es101,20,20,3.708,,,,3.708,3.708,3.708,raw_mean,FALSE,FALSE,2.6522,2.3869800000000003,2.12176,FALSE,FALSE,1.9256,1.9256,assumed_sqrt_mean_in_extraction,,0.4305772497473595,sd_div_sqrt_n,,FALSE,FALSE,TRUE,FALSE,FALSE,experimental
whitlow_1978_thesis,es102,20,20,5.6705,,,,5.6705,5.6705,5.6705,raw_mean,FALSE,FALSE,2.6522,2.3869800000000003,2.12176,FALSE,FALSE,2.3813,2.3813,assumed_sqrt_mean_in_extraction,,0.5324748674820249,sd_div_sqrt_n,,FALSE,FALSE,TRUE,FALSE,FALSE,experimental
whitlow_1978_thesis,es103,20,20,4.8023,,,,4.8023,4.8023,4.8023,raw_mean,FALSE,FALSE,2.6522,2.3869800000000003,2.12176,FALSE,FALSE,2.1914,2.1914,assumed_sqrt_mean_in_extraction,,0.49001193658930386,sd_div_sqrt_n,,FALSE,FALSE,TRUE,FALSE,FALSE,experimental
whitlow_1978_thesis,es104,20,20,3.6899,,,,3.6899,3.6899,3.6899,raw_mean,FALSE,FALSE,2.6522,2.3869800000000003,2.12176,FALSE,FALSE,1.9209,1.9209,assumed_sqrt_mean_in_extraction,,0.4295262977979346,sd_div_sqrt_n,,FALSE,FALSE,TRUE,FALSE,FALSE,experimental
whitlow_1978_thesis,es105,20,20,3.0749,,,,3.0749,3.0749,3.0749,raw_mean,FALSE,FALSE,2.6522,2.3869800000000003,2.12176,FALSE,FALSE,1.7535,1.7535,assumed_sqrt_mean_in_extraction,,0.3920945198545881,sd_div_sqrt_n,,FALSE,FALSE,TRUE,FALSE,FALSE,experimental
whitlow_1978_thesis,es106,20,20,2.3777,,,,2.3777,2.3777,2.3777,raw_mean,FALSE,FALSE,1.14,1.026,0.9119999999999999,FALSE,FALSE,1.542,1.542,assumed_sqrt_mean_in_extraction,,0.3448016821304676,sd_div_sqrt_n,,FALSE,FALSE,TRUE,FALSE,FALSE,experimental
whitlow_1978_thesis,es107,20,20,2.0226,,,,2.0226,2.0226,2.0226,raw_mean,FALSE,FALSE,1.14,1.026,0.9119999999999999,FALSE,FALSE,1.4222,1.4222,assumed_sqrt_mean_in_extraction,,0.31801358776002003,sd_div_sqrt_n,,FALSE,FALSE,TRUE,FALSE,FALSE,experimental
whitlow_1978_thesis,es108,20,20,1.9827,,,,1.9827,1.9827,1.9827,raw_mean,FALSE,FALSE,1.14,1.026,0.9119999999999999,FALSE,FALSE,1.4081,1.4081,assumed_sqrt_mean_in_extraction,,0.31486073191174535,sd_div_sqrt_n,,FALSE,FALSE,TRUE,FALSE,FALSE,experimental
whitlow_1978_thesis,es109,20,20,1.8311,,,,1.8311,1.8311,1.8311,raw_mean,FALSE,FALSE,1.14,1.026,0.9119999999999999,FALSE,FALSE,1.3532,1.3532,assumed_sqrt_mean_in_extraction,,0.30258471871527154,sd_div_sqrt_n,,FALSE,FALSE,TRUE,FALSE,FALSE,experimental
whitlow_1978_thesis,es110,20,20,2.5731,,,,2.5731,2.5731,2.5731,raw_mean,FALSE,FALSE,1.14,1.026,0.9119999999999999,FALSE,FALSE,1.6041,1.6041,assumed_sqrt_mean_in_extraction,,0.3586876642707413,sd_div_sqrt_n,,FALSE,FALSE,TRUE,FALSE,FALSE,experimental
whitlow_1978_thesis,es111,20,20,2.8604,,,,2.8604,2.8604,2.8604,raw_mean,FALSE,FALSE,1.14,1.026,0.9119999999999999,FALSE,FALSE,1.6913,1.6913,assumed_sqrt_mean_in_extraction,,0.37818617703453944,sd_div_sqrt_n,,FALSE,FALSE,TRUE,FALSE,FALSE,experimental
whitlow_1978_thesis,es112,20,20,71.2285,,,,71.2285,71.2285,71.2285,raw_mean,FALSE,FALSE,6.4,5.760000000000001,5.120000000000001,FALSE,FALSE,8.4397,8.4397,assumed_sqrt_mean_in_extraction,,1.8871742909704974,sd_div_sqrt_n,,FALSE,FALSE,TRUE,FALSE,FALSE,experimental
whitlow_1978_thesis,es113,20,20,60.8719,,,,60.8719,60.8719,60.8719,raw_mean,FALSE,FALSE,6.4,5.760000000000001,5.120000000000001,FALSE,FALSE,7.802,7.802,assumed_sqrt_mean_in_extraction,,1.7445802360453357,sd_div_sqrt_n,,FALSE,FALSE,TRUE,FALSE,FALSE,experimental
whitlow_1978_thesis,es114,20,20,42.8005,,,,42.8005,42.8005,42.8005,raw_mean,FALSE,FALSE,6.4,5.760000000000001,5.120000000000001,FALSE,FALSE,6.5422,6.5422,assumed_sqrt_mean_in_extraction,,1.4628803922399125,sd_div_sqrt_n,,FALSE,FALSE,TRUE,FALSE,FALSE,experimental
whitlow_1978_thesis,es115,20,20,36.8824,,,,36.8824,36.8824,36.8824,raw_mean,FALSE,FALSE,6.4,5.760000000000001,5.120000000000001,FALSE,FALSE,6.0731,6.0731,assumed_sqrt_mean_in_extraction,,1.3579864434153972,sd_div_sqrt_n,,FALSE,FALSE,TRUE,FALSE,FALSE,experimental
whitlow_1978_thesis,es116,20,20,26.7371,,,,26.7371,26.7371,26.7371,raw_mean,FALSE,FALSE,6.4,5.760000000000001,5.120000000000001,FALSE,FALSE,5.1708,5.1708,assumed_sqrt_mean_in_extraction,,1.156226029805591,sd_div_sqrt_n,,FALSE,FALSE,TRUE,FALSE,FALSE,experimental
whitlow_1978_thesis,es117,20,20,15.7464,,,,15.7464,15.7464,15.7464,raw_mean,FALSE,FALSE,6.4,5.760000000000001,5.120000000000001,FALSE,FALSE,3.9682,3.9682,assumed_sqrt_mean_in_extraction,,0.8873164948314665,sd_div_sqrt_n,,FALSE,FALSE,TRUE,FALSE,FALSE,experimental
whitlow_1978_thesis,es118,20,20,3.6809,,,,3.6809,3.6809,3.6809,raw_mean,FALSE,FALSE,2.6522,2.3869800000000003,2.12176,FALSE,FALSE,1.9186,1.9186,assumed_sqrt_mean_in_extraction,,0.42901200216310964,sd_div_sqrt_n,,FALSE,FALSE,TRUE,FALSE,FALSE,experimental
whitlow_1978_thesis,es119,20,20,3.708,,,,3.708,3.708,3.708,raw_mean,FALSE,FALSE,2.6522,2.3869800000000003,2.12176,FALSE,FALSE,1.9256,1.9256,assumed_sqrt_mean_in_extraction,,0.4305772497473595,sd_div_sqrt_n,,FALSE,FALSE,TRUE,FALSE,FALSE,experimental
whitlow_1978_thesis,es120,20,20,5.6705,,,,5.6705,5.6705,5.6705,raw_mean,FALSE,FALSE,2.6522,2.3869800000000003,2.12176,FALSE,FALSE,2.3813,2.3813,assumed_sqrt_mean_in_extraction,,0.5324748674820249,sd_div_sqrt_n,,FALSE,FALSE,TRUE,FALSE,FALSE,experimental
whitlow_1978_thesis,es121,20,20,4.8023,,,,4.8023,4.8023,4.8023,raw_mean,FALSE,FALSE,2.6522,2.3869800000000003,2.12176,FALSE,FALSE,2.1914,2.1914,assumed_sqrt_mean_in_extraction,,0.49001193658930386,sd_div_sqrt_n,,FALSE,FALSE,TRUE,FALSE,FALSE,experimental
whitlow_1978_thesis,es122,20,20,3.6899,,,,3.6899,3.6899,3.6899,raw_mean,FALSE,FALSE,2.6522,2.3869800000000003,2.12176,FALSE,FALSE,1.9209,1.9209,assumed_sqrt_mean_in_extraction,,0.4295262977979346,sd_div_sqrt_n,,FALSE,FALSE,TRUE,FALSE,FALSE,experimental
whitlow_1978_thesis,es123,20,20,3.0749,,,,3.0749,3.0749,3.0749,raw_mean,FALSE,FALSE,2.6522,2.3869800000000003,2.12176,FALSE,FALSE,1.7535,1.7535,assumed_sqrt_mean_in_extraction,,0.3920945198545881,sd_div_sqrt_n,,FALSE,FALSE,TRUE,FALSE,FALSE,experimental
whitlow_1978_thesis,es124,20,20,2.3777,,,,2.3777,2.3777,2.3777,raw_mean,FALSE,FALSE,1.14,1.026,0.9119999999999999,FALSE,FALSE,1.542,1.542,assumed_sqrt_mean_in_extraction,,0.3448016821304676,sd_div_sqrt_n,,FALSE,FALSE,TRUE,FALSE,FALSE,experimental
whitlow_1978_thesis,es125,20,20,2.0226,,,,2.0226,2.0226,2.0226,raw_mean,FALSE,FALSE,1.14,1.026,0.9119999999999999,FALSE,FALSE,1.4222,1.4222,assumed_sqrt_mean_in_extraction,,0.31801358776002003,sd_div_sqrt_n,,FALSE,FALSE,TRUE,FALSE,FALSE,experimental
whitlow_1978_thesis,es126,20,20,1.9827,,,,1.9827,1.9827,1.9827,raw_mean,FALSE,FALSE,1.14,1.026,0.9119999999999999,FALSE,FALSE,1.4081,1.4081,assumed_sqrt_mean_in_extraction,,0.31486073191174535,sd_div_sqrt_n,,FALSE,FALSE,TRUE,FALSE,FALSE,experimental
whitlow_1978_thesis,es127,20,20,1.8311,,,,1.8311,1.8311,1.8311,raw_mean,FALSE,FALSE,1.14,1.026,0.9119999999999999,FALSE,FALSE,1.3532,1.3532,assumed_sqrt_mean_in_extraction,,0.30258471871527154,sd_div_sqrt_n,,FALSE,FALSE,TRUE,FALSE,FALSE,experimental
whitlow_1978_thesis,es128,20,20,2.5731,,,,2.5731,2.5731,2.5731,raw_mean,FALSE,FALSE,1.14,1.026,0.9119999999999999,FALSE,FALSE,1.6041,1.6041,assumed_sqrt_mean_in_extraction,,0.3586876642707413,sd_div_sqrt_n,,FALSE,FALSE,TRUE,FALSE,FALSE,experimental
whitlow_1978_thesis,es129,20,20,2.8604,,,,2.8604,2.8604,2.8604,raw_mean,FALSE,FALSE,1.14,1.026,0.9119999999999999,FALSE,FALSE,1.6913,1.6913,assumed_sqrt_mean_in_extraction,,0.37818617703453944,sd_div_sqrt_n,,FALSE,FALSE,TRUE,FALSE,FALSE,experimental
abramova_2020_genpath,es130,19,19,56.2632,,,,56.2632,56.2632,56.2632,raw_mean,FALSE,FALSE,6.4,5.760000000000001,5.120000000000001,FALSE,FALSE,26.4614,26.4614,raw_sd,6.0707,6.0707,raw_se_verified,,FALSE,FALSE,FALSE,FALSE,FALSE,experimental
abramova_2020_genpath,es131,16,16,59.625,,,,59.625,59.625,59.625,raw_mean,FALSE,FALSE,6.4,5.760000000000001,5.120000000000001,FALSE,FALSE,19.4418,19.4418,raw_sd,14.9063,4.86045,recalculated_from_sd,,FALSE,FALSE,FALSE,TRUE,TRUE,experimental
abramova_2020_genpath,es132,19,19,23.5789,,,,23.5789,23.5789,23.5789,raw_mean,FALSE,FALSE,4.3889,3.95001,3.51112,FALSE,FALSE,11.057,11.057,raw_sd,2.5367,2.5367,raw_se_verified,,FALSE,FALSE,FALSE,FALSE,FALSE,experimental
abramova_2020_genpath,es133,16,16,28.1875,,,,28.1875,28.1875,28.1875,raw_mean,FALSE,FALSE,4.3889,3.95001,3.51112,FALSE,FALSE,8.9086,8.9086,raw_sd,7.0469,2.22715,recalculated_from_sd,,FALSE,FALSE,FALSE,TRUE,TRUE,experimental
abramova_2020_genpath,es134,19,19,1.8421,,,,1.8421,1.8421,1.8421,raw_mean,FALSE,FALSE,0.18718749999999998,0.16846874999999997,0.14975,FALSE,FALSE,1.4245,1.4245,raw_sd,0.3268,0.3268,raw_se_verified,,FALSE,FALSE,FALSE,FALSE,FALSE,experimental
abramova_2020_genpath,es135,16,16,1.25,,,,1.25,1.25,1.25,raw_mean,FALSE,FALSE,0.18718749999999998,0.16846874999999997,0.14975,FALSE,FALSE,0.9309,0.9309,raw_sd,0.3125,0.232725,recalculated_from_sd,,FALSE,FALSE,FALSE,TRUE,TRUE,experimental
abramova_2020_genpath,es136,19,19,33.2405,,,,33.2405,33.2405,33.2405,raw_mean,FALSE,FALSE,12.5038,11.25342,10.00304,FALSE,FALSE,19.9724,19.9724,raw_sd,4.582,4.582,raw_se_verified,,FALSE,FALSE,FALSE,FALSE,FALSE,experimental
abramova_2020_genpath,es137,16,16,17.125,,,,17.125,17.125,17.125,raw_mean,FALSE,FALSE,12.5038,11.25342,10.00304,FALSE,FALSE,12.2961,12.2961,raw_sd,4.2813,3.074025,recalculated_from_sd,,FALSE,FALSE,FALSE,TRUE,TRUE,experimental
abramova_2020_genpath,es138,19,19,33.2316,,,,33.2316,33.2316,33.2316,raw_mean,FALSE,FALSE,8.2563,7.43067,6.60504,FALSE,FALSE,43.7813,43.7813,raw_sd,10.0441,10.0441,raw_se_verified,,FALSE,FALSE,FALSE,FALSE,FALSE,experimental
abramova_2020_genpath,es139,16,16,32.7925,,,,32.7925,32.7925,32.7925,raw_mean,FALSE,FALSE,8.2563,7.43067,6.60504,FALSE,FALSE,28.6499,28.6499,raw_sd,8.1981,7.162475,recalculated_from_sd,,FALSE,FALSE,FALSE,TRUE,TRUE,experimental
abramova_2020_genpath,es140,19,19,4.2105,,,,4.2105,4.2105,4.2105,raw_mean,FALSE,FALSE,2.6522,2.3869800000000003,2.12176,FALSE,FALSE,2.1751,2.1751,raw_sd,0.499,0.499,raw_se_verified,,FALSE,FALSE,FALSE,FALSE,FALSE,experimental
abramova_2020_genpath,es141,16,16,3,,,,3,3,3,raw_mean,FALSE,FALSE,2.6522,2.3869800000000003,2.12176,FALSE,FALSE,1.3663,1.3663,raw_sd,0.75,0.341575,recalculated_from_sd,,FALSE,FALSE,FALSE,TRUE,TRUE,experimental
abramova_2020_genpath,es142,19,19,253.7111,,,,253.7111,253.7111,253.7111,raw_mean,FALSE,FALSE,242.4406,218.19654,193.95248,FALSE,FALSE,39.4675,39.4675,raw_sd,9.0545,9.0545,raw_se_verified,,FALSE,FALSE,FALSE,FALSE,FALSE,experimental
abramova_2020_genpath,es143,16,16,242.4406,,,,242.4406,242.4406,242.4406,raw_mean,FALSE,FALSE,242.4406,218.19654,193.95248,FALSE,FALSE,43.8737,43.8737,raw_sd,10.9684,10.9684,raw_se_verified,,FALSE,FALSE,FALSE,FALSE,FALSE,experimental
abramova_2020_genpath,es144,19,19,42.7837,,,,42.7837,42.7837,42.7837,raw_mean,FALSE,FALSE,15.626,14.0634,12.5008,FALSE,FALSE,38.8467,38.8467,raw_sd,8.912,8.912,raw_se_verified,,FALSE,FALSE,FALSE,FALSE,FALSE,experimental
abramova_2020_genpath,es145,16,16,49.9631,,,,49.9631,49.9631,49.9631,raw_mean,FALSE,FALSE,15.626,14.0634,12.5008,FALSE,FALSE,41.8416,41.8416,raw_sd,10.4604,10.4604,raw_se_verified,,FALSE,FALSE,FALSE,FALSE,FALSE,experimental
abramova_2020_genpath,es146,19,19,3.7895,,,,3.7895,3.7895,3.7895,raw_mean,FALSE,FALSE,1.95,1.755,1.56,FALSE,FALSE,3.1372,3.1372,raw_sd,0.7197,0.7197,raw_se_verified,,FALSE,FALSE,FALSE,FALSE,FALSE,experimental
abramova_2020_genpath,es147,16,16,4.6875,,,,4.6875,4.6875,4.6875,raw_mean,FALSE,FALSE,1.95,1.755,1.56,FALSE,FALSE,3.2397,3.2397,raw_sd,0.8099,0.8099,raw_se_verified,,FALSE,FALSE,FALSE,FALSE,FALSE,experimental
abramova_2020_genpath,es148,19,19,3.0526,,,,3.0526,3.0526,3.0526,raw_mean,FALSE,FALSE,0.25865,0.232785,0.20692,FALSE,FALSE,2.1978,2.1978,raw_sd,0.5042,0.5042,raw_se_verified,,FALSE,FALSE,FALSE,FALSE,FALSE,experimental
abramova_2020_genpath,es149,16,16,3.25,,,,3.25,3.25,3.25,raw_mean,FALSE,FALSE,0.25865,0.232785,0.20692,FALSE,FALSE,1.9149,1.9149,raw_sd,0.4787,0.4787,raw_se_verified,,FALSE,FALSE,FALSE,FALSE,FALSE,experimental
abramova_2020_genpath,es150,19,19,7.1053,,,,7.1053,7.1053,7.1053,raw_mean,FALSE,FALSE,2.95,2.6550000000000002,2.3600000000000003,FALSE,FALSE,5.4149,5.4149,raw_sd,1.2423,1.2423,raw_se_verified,,FALSE,FALSE,FALSE,FALSE,FALSE,experimental
abramova_2020_genpath,es151,16,16,8.625,,,,8.625,8.625,8.625,raw_mean,FALSE,FALSE,2.95,2.6550000000000002,2.3600000000000003,FALSE,FALSE,6.8593,6.8593,raw_sd,1.7148,1.7148,raw_se_verified,,FALSE,FALSE,FALSE,FALSE,FALSE,experimental
abramova_2020_genpath,es152,19,19,22.8753,,,,22.8753,22.8753,22.8753,raw_mean,FALSE,FALSE,22.57,20.313000000000002,18.056,FALSE,FALSE,20.7601,20.7601,raw_sd,4.7627,4.7627,raw_se_verified,,FALSE,FALSE,FALSE,FALSE,FALSE,experimental
abramova_2020_genpath,es153,16,16,30.5488,,,,30.5488,30.5488,30.5488,raw_mean,FALSE,FALSE,22.57,20.313000000000002,18.056,FALSE,FALSE,22.0721,22.0721,raw_sd,5.518,5.518,raw_se_verified,,FALSE,FALSE,FALSE,FALSE,FALSE,experimental
abramova_2020_genpath,es154,19,19,12.4211,,,,12.4211,12.4211,12.4211,raw_mean,FALSE,FALSE,8,7.2,6.4,FALSE,FALSE,5.3678,5.3678,raw_sd,1.2314,1.2314,raw_se_verified,,FALSE,FALSE,FALSE,FALSE,FALSE,experimental
abramova_2020_genpath,es155,16,16,16.9375,,,,16.9375,16.9375,16.9375,raw_mean,FALSE,FALSE,8,7.2,6.4,FALSE,FALSE,6.678,6.678,raw_sd,1.6695,1.6695,raw_se_verified,,FALSE,FALSE,FALSE,FALSE,FALSE,experimental
abramova_2020_genpath,es156,19,19,6.5274,,,,6.5274,6.5274,6.5274,raw_mean,FALSE,FALSE,1.13695,1.023255,0.9095599999999999,FALSE,FALSE,11.2848,11.2848,raw_sd,2.5889,2.5889,raw_se_verified,,FALSE,FALSE,FALSE,FALSE,FALSE,experimental
abramova_2020_genpath,es157,16,16,11.8338,,,,11.8338,11.8338,11.8338,raw_mean,FALSE,FALSE,1.13695,1.023255,0.9095599999999999,FALSE,FALSE,18.4115,18.4115,raw_sd,4.6029,4.6029,raw_se_verified,,FALSE,FALSE,FALSE,FALSE,FALSE,experimental
abramova_2020_genpath,es158,19,19,3.8421,,,,3.8421,3.8421,3.8421,raw_mean,FALSE,FALSE,2.6281499999999998,2.365335,2.1025199999999997,FALSE,FALSE,2.5224,2.5224,raw_sd,0.5787,0.5787,raw_se_verified,,FALSE,FALSE,FALSE,FALSE,FALSE,experimental
abramova_2020_genpath,es159,16,16,3.5625,,,,3.5625,3.5625,3.5625,raw_mean,FALSE,FALSE,2.6281499999999998,2.365335,2.1025199999999997,FALSE,FALSE,1.8608,1.8608,raw_sd,0.4652,0.4652,raw_se_verified,,FALSE,FALSE,FALSE,FALSE,FALSE,experimental
abramova_2020_genpath,es160,19,19,186.3768,,,,186.3768,186.3768,186.3768,raw_mean,FALSE,FALSE,26.79,24.111,21.432000000000002,FALSE,FALSE,71.3936,71.3936,raw_sd,42.7578,16.378815137661338,recalculated_from_sd,,FALSE,FALSE,FALSE,TRUE,TRUE,experimental
abramova_2020_genpath,es161,16,16,207.1638,,,,207.1638,207.1638,207.1638,raw_mean,FALSE,FALSE,26.79,24.111,21.432000000000002,FALSE,FALSE,75.8212,75.8212,raw_sd,51.7909,18.9553,recalculated_from_sd,,FALSE,FALSE,FALSE,TRUE,TRUE,experimental
abramova_2020_genpath,es162,19,19,58.4183,,,,58.4183,58.4183,58.4183,raw_mean,FALSE,FALSE,40.48,36.431999999999995,32.384,FALSE,FALSE,28.588,28.588,raw_sd,13.4021,6.558536999891619,recalculated_from_sd,,FALSE,FALSE,FALSE,TRUE,TRUE,experimental
abramova_2020_genpath,es163,16,16,49.8194,,,,49.8194,49.8194,49.8194,raw_mean,FALSE,FALSE,40.48,36.431999999999995,32.384,FALSE,FALSE,33.9636,33.9636,raw_sd,12.4549,8.4909,recalculated_from_sd,,FALSE,FALSE,FALSE,TRUE,TRUE,experimental
abramova_2023_biopsy,es164,10,10,22.3,,,,22.3,22.3,22.3,raw_mean,FALSE,FALSE,6.4,5.760000000000001,5.120000000000001,FALSE,FALSE,10.4355,10.4355,raw_sd,3.3,3.3,raw_se_verified,,FALSE,FALSE,FALSE,FALSE,FALSE,experimental
abramova_2023_biopsy,es165,8,8,31.1,,,,31.1,31.1,31.1,raw_mean,FALSE,FALSE,6.4,5.760000000000001,5.120000000000001,FALSE,FALSE,14.425,14.425,raw_sd,5.1,5.1,raw_se_verified,,FALSE,FALSE,FALSE,FALSE,FALSE,experimental
abramova_2023_biopsy,es166,10,10,8.4,,,,8.4,8.4,8.4,raw_mean,FALSE,FALSE,4.3889,3.95001,3.51112,FALSE,FALSE,3.7947,3.7947,raw_sd,1.2,1.2,raw_se_verified,,FALSE,FALSE,FALSE,FALSE,FALSE,experimental
abramova_2023_biopsy,es167,8,8,14.1,,,,14.1,14.1,14.1,raw_mean,FALSE,FALSE,4.3889,3.95001,3.51112,FALSE,FALSE,4.8083,4.8083,raw_sd,1.7,1.7,raw_se_verified,,FALSE,FALSE,FALSE,FALSE,FALSE,experimental
abramova_2023_biopsy,es168,10,10,,0.5,0,1,0.5,0.5,0.5,luo_2018_q1_median_q3,FALSE,FALSE,0.18718749999999998,0.16846874999999997,0.14975,FALSE,FALSE,,0.8600034647511502,wan_2014_q1_q3,,0.2719569744249966,sd_div_sqrt_n,,FALSE,FALSE,FALSE,FALSE,FALSE,experimental
abramova_2023_biopsy,es169,8,8,,0,0,0.5,0.18718749999999998,0.18718749999999998,0.18718749999999998,luo_2018_q1_median_q3,FALSE,FALSE,0.18718749999999998,0.16846874999999997,0.14975,FALSE,FALSE,,0.446753844743742,wan_2014_q1_q3,,0.157951336569731,sd_div_sqrt_n,,FALSE,TRUE,FALSE,FALSE,FALSE,experimental
abramova_2023_biopsy,es170,10,10,80.1,,,,80.1,80.1,80.1,raw_mean,FALSE,FALSE,8.2563,7.43067,6.60504,FALSE,FALSE,61.3482,61.3482,raw_sd,19.4,19.4,raw_se_verified,,FALSE,FALSE,FALSE,FALSE,FALSE,experimental
abramova_2023_biopsy,es171,8,8,75.3,,,,75.3,75.3,75.3,raw_mean,FALSE,FALSE,8.2563,7.43067,6.60504,FALSE,FALSE,56.8514,56.8514,raw_sd,20.1,20.1,raw_se_verified,,FALSE,FALSE,FALSE,FALSE,FALSE,experimental
abramova_2023_biopsy,es172,10,10,,28.9,25.3,61.9,39.7633,39.7633,39.7633,luo_2018_q1_median_q3,FALSE,FALSE,12.5038,11.25342,10.00304,FALSE,FALSE,,31.47612680989209,wan_2014_q1_q3,,9.953625263954875,sd_div_sqrt_n,,FALSE,TRUE,FALSE,FALSE,FALSE,experimental
abramova_2023_biopsy,es173,8,8,,24.3,14.4,36.1,25.0113125,25.0113125,25.0113125,luo_2018_q1_median_q3,FALSE,FALSE,12.5038,11.25342,10.00304,FALSE,FALSE,,19.389116861878406,wan_2014_q1_q3,,6.8550880071263265,sd_div_sqrt_n,,FALSE,FALSE,FALSE,FALSE,FALSE,experimental
abramova_2023_biopsy,es174,10,10,3.3,,,,3.3,3.3,3.3,raw_mean,FALSE,FALSE,2.6522,2.3869800000000003,2.12176,FALSE,FALSE,1.5811,1.5811,raw_sd,0.5,0.5,raw_se_verified,,FALSE,FALSE,FALSE,FALSE,FALSE,experimental
abramova_2023_biopsy,es175,8,8,2.9,,,,2.9,2.9,2.9,raw_mean,FALSE,FALSE,2.6522,2.3869800000000003,2.12176,FALSE,FALSE,1.6971,1.6971,raw_sd,0.6,0.6,raw_se_verified,,FALSE,FALSE,FALSE,FALSE,FALSE,experimental
abramova_2023_biopsy,es176,10,10,,0.6,0,1.3,0.63695,0.63695,0.63695,luo_2018_q1_median_q3,FALSE,FALSE,0.11231249999999998,0.10108124999999998,0.08984999999999999,FALSE,FALSE,,1.1180045041764952,wan_2014_q1_q3,,0.3535440667524956,sd_div_sqrt_n,,FALSE,FALSE,FALSE,FALSE,FALSE,experimental
abramova_2023_biopsy,es177,8,8,,0,0,0.3,0.11231249999999998,0.11231249999999998,0.11231249999999998,luo_2018_q1_median_q3,FALSE,FALSE,0.11231249999999998,0.10108124999999998,0.08984999999999999,FALSE,FALSE,,0.2680523068462452,wan_2014_q1_q3,,0.0947708019418386,sd_div_sqrt_n,,FALSE,TRUE,FALSE,FALSE,FALSE,experimental
abramova_2023_biopsy,es178,10,10,251,,,,251,251,251,raw_mean,FALSE,FALSE,242.4406,218.19654,193.95248,FALSE,FALSE,41.1096,41.1096,raw_sd,13,13,raw_se_verified,,FALSE,FALSE,FALSE,FALSE,FALSE,experimental
abramova_2023_biopsy,es179,8,8,266,,,,266,266,266,raw_mean,FALSE,FALSE,242.4406,218.19654,193.95248,FALSE,FALSE,31.1127,31.1127,raw_sd,11,11,raw_se_verified,,FALSE,FALSE,FALSE,FALSE,FALSE,experimental
abramova_2023_biopsy,es180,10,10,,41.9,2.2,62,34.6578,34.6578,34.6578,luo_2018_q1_median_q3,FALSE,FALSE,15.626,14.0634,12.5008,FALSE,FALSE,,51.428207192118776,wan_2014_q1_q3,,16.263027070614797,sd_div_sqrt_n,,FALSE,FALSE,FALSE,FALSE,FALSE,experimental
abramova_2023_biopsy,es181,8,8,,26.1,19.4,51.5,33.1008125,33.1008125,33.1008125,luo_2018_q1_median_q3,FALSE,FALSE,15.626,14.0634,12.5008,FALSE,FALSE,,28.68159683254824,wan_2014_q1_q3,,10.140475807776731,sd_div_sqrt_n,,FALSE,FALSE,FALSE,FALSE,FALSE,experimental
abramova_2023_biopsy,es182,10,10,2.9,,,,2.9,2.9,2.9,raw_mean,FALSE,FALSE,1.95,1.755,1.56,FALSE,FALSE,2.5298,2.5298,raw_sd,0.8,0.8,raw_se_verified,,FALSE,FALSE,FALSE,FALSE,FALSE,experimental
abramova_2023_biopsy,es183,8,8,2.9,,,,2.9,2.9,2.9,raw_mean,FALSE,FALSE,1.95,1.755,1.56,FALSE,FALSE,1.9799,1.9799,raw_sd,0.7,0.7,raw_se_verified,,FALSE,FALSE,FALSE,FALSE,FALSE,experimental
abramova_2023_biopsy,es184,10,10,,0,0,0.7,0.25865,0.25865,0.25865,luo_2018_q1_median_q3,FALSE,FALSE,0.25865,0.232785,0.20692,FALSE,TRUE,,0.6020024253258051,wan_2014_q1_q3,,0.1903698820974976,sd_div_sqrt_n,,FALSE,TRUE,FALSE,FALSE,FALSE,experimental
abramova_2023_biopsy,es185,8,8,,1,0,1,0.6256250000000001,0.6256250000000001,0.6256250000000001,luo_2018_q1_median_q3,FALSE,FALSE,0.25865,0.232785,0.20692,FALSE,FALSE,,0.893507689487484,wan_2014_q1_q3,,0.315902673139462,sd_div_sqrt_n,,FALSE,TRUE,FALSE,FALSE,FALSE,experimental
abramova_2023_biopsy,es186,10,10,9.8,,,,9.8,9.8,9.8,raw_mean,FALSE,FALSE,2.95,2.6550000000000002,2.3600000000000003,FALSE,FALSE,7.2732,7.2732,raw_sd,2.3,2.3,raw_se_verified,,FALSE,FALSE,FALSE,FALSE,FALSE,experimental
abramova_2023_biopsy,es187,8,8,8.1,,,,8.1,8.1,8.1,raw_mean,FALSE,FALSE,2.95,2.6550000000000002,2.3600000000000003,FALSE,FALSE,4.8083,4.8083,raw_sd,1.7,1.7,raw_se_verified,,FALSE,FALSE,FALSE,FALSE,FALSE,experimental
abramova_2023_biopsy,es188,10,10,8,,,,8,8,8,raw_mean,FALSE,FALSE,8,7.2,6.4,FALSE,FALSE,4.111,4.111,raw_sd,1.3,1.3,raw_se_verified,,FALSE,FALSE,FALSE,FALSE,FALSE,experimental
abramova_2023_biopsy,es189,8,8,15.2,,,,15.2,15.2,15.2,raw_mean,FALSE,FALSE,8,7.2,6.4,FALSE,FALSE,3.9598,3.9598,raw_sd,1.4,1.4,raw_se_verified,,FALSE,FALSE,FALSE,FALSE,FALSE,experimental
abramova_2023_biopsy,es190,10,10,,1.1,0,2.3,1.13695,1.13695,1.13695,luo_2018_q1_median_q3,FALSE,FALSE,1.13695,1.023255,0.9095599999999999,FALSE,TRUE,,1.978007968927645,wan_2014_q1_q3,,0.6255010411774922,sd_div_sqrt_n,,FALSE,FALSE,FALSE,FALSE,FALSE,experimental
abramova_2023_biopsy,es191,8,8,,7.3,2.9,21.3,10.893999999999998,10.893999999999998,10.893999999999998,luo_2018_q1_median_q3,FALSE,FALSE,1.13695,1.023255,0.9095599999999999,FALSE,FALSE,,16.440541486569707,wan_2014_q1_q3,,5.8126091857661,sd_div_sqrt_n,,FALSE,FALSE,FALSE,FALSE,FALSE,experimental
abramova_2023_biopsy,es192,10,10,46.8,,,,46.8,46.8,46.8,raw_mean,FALSE,FALSE,22.57,20.313000000000002,18.056,FALSE,FALSE,20.871,20.871,raw_sd,6.6,6.6,raw_se_verified,,FALSE,FALSE,FALSE,FALSE,FALSE,experimental
abramova_2023_biopsy,es193,8,8,29.7,,,,29.7,29.7,29.7,raw_mean,FALSE,FALSE,22.57,20.313000000000002,18.056,FALSE,FALSE,28.5671,28.5671,raw_sd,10.1,10.1,raw_se_verified,,FALSE,FALSE,FALSE,FALSE,FALSE,experimental
abramova_2023_biopsy,es194,10,10,,2,1.2,4.5,2.6281499999999998,2.6281499999999998,2.6281499999999998,luo_2018_q1_median_q3,FALSE,FALSE,2.6281499999999998,2.365335,2.1025199999999997,FALSE,FALSE,,2.8380114336787954,wan_2014_q1_q3,,0.8974580156024888,sd_div_sqrt_n,,FALSE,FALSE,FALSE,FALSE,FALSE,experimental
abramova_2023_biopsy,es195,8,8,,2.5,0.7,5.7,3.024125,3.024125,3.024125,luo_2018_q1_median_q3,FALSE,FALSE,2.6281499999999998,2.365335,2.1025199999999997,FALSE,FALSE,,4.467538447437421,wan_2014_q1_q3,,1.5795133656973102,sd_div_sqrt_n,,FALSE,FALSE,FALSE,FALSE,FALSE,experimental
abramova_2023_biopsy,es196,10,10,20.9,,,,20.9,20.9,20.9,raw_mean,FALSE,FALSE,6.4,5.760000000000001,5.120000000000001,FALSE,FALSE,15.1789,15.1789,raw_sd,4.8,4.8,raw_se_verified,,FALSE,FALSE,FALSE,FALSE,FALSE,experimental
abramova_2023_biopsy,es197,8,8,8.8,,,,8.8,8.8,8.8,raw_mean,FALSE,FALSE,6.4,5.760000000000001,5.120000000000001,FALSE,FALSE,8.2024,8.2024,raw_sd,2.9,2.9,raw_se_verified,,FALSE,FALSE,FALSE,FALSE,FALSE,experimental
abramova_2023_biopsy,es198,10,10,60.3,,,,60.3,60.3,60.3,raw_mean,FALSE,FALSE,40.48,36.431999999999995,32.384,FALSE,FALSE,13.914,13.914,raw_sd,4.4,4.4,raw_se_verified,,FALSE,FALSE,FALSE,FALSE,FALSE,experimental
abramova_2023_biopsy,es199,8,8,83.4,,,,83.4,83.4,83.4,raw_mean,FALSE,FALSE,40.48,36.431999999999995,32.384,FALSE,FALSE,11.3137,11.3137,raw_sd,4,4,raw_se_verified,,FALSE,FALSE,FALSE,FALSE,FALSE,experimental
abramova_2023_biopsy,es200,10,10,,140,102,164,134.827,134.827,134.827,luo_2018_q1_median_q3,FALSE,FALSE,26.79,24.111,21.432000000000002,FALSE,FALSE,,53.32021481457131,wan_2014_q1_q3,,16.86133241434979,sd_div_sqrt_n,,FALSE,FALSE,FALSE,FALSE,FALSE,experimental
abramova_2023_biopsy,es201,8,8,,100,87,109,98.5025,98.5025,98.5025,luo_2018_q1_median_q3,FALSE,FALSE,26.79,24.111,21.432000000000002,FALSE,FALSE,,19.65716916872465,wan_2014_q1_q3,,6.949858809068164,sd_div_sqrt_n,,FALSE,FALSE,FALSE,FALSE,FALSE,experimental
abramova_2023_biopsy,es202,10,10,201,,,,201,201,201,raw_mean,FALSE,FALSE,201,180.9,160.8,FALSE,FALSE,34.7851,34.7851,raw_sd,11,11,raw_se_verified,,FALSE,FALSE,FALSE,FALSE,FALSE,experimental
abramova_2023_biopsy,es203,8,8,228,,,,228,228,228,raw_mean,FALSE,FALSE,201,180.9,160.8,FALSE,FALSE,22.6274,22.6274,raw_sd,8,8,raw_se_verified,,FALSE,FALSE,FALSE,FALSE,FALSE,experimental
abramova_2023_biopsy,es204,10,10,22,,,,22,22,22,raw_mean,FALSE,FALSE,22,19.8,17.6,FALSE,FALSE,15.8114,15.8114,raw_sd,5,5,raw_se_verified,,FALSE,FALSE,FALSE,FALSE,FALSE,experimental
abramova_2023_biopsy,es205,8,8,36,,,,36,36,36,raw_mean,FALSE,FALSE,22,19.8,17.6,FALSE,FALSE,19.799,19.799,raw_sd,7,7,raw_se_verified,,FALSE,FALSE,FALSE,FALSE,FALSE,experimental
abramova_2023_biopsy,es206,10,10,,3,1,4.7,2.88915,2.88915,2.88915,luo_2018_q1_median_q3,FALSE,FALSE,0.3695,0.33255,0.29560000000000003,FALSE,FALSE,,3.182012819579256,wan_2014_q1_q3,,1.0062408053724876,sd_div_sqrt_n,,FALSE,FALSE,FALSE,FALSE,FALSE,experimental
abramova_2023_biopsy,es207,8,8,,1,0,2,1,1,1,luo_2018_q1_median_q3,FALSE,FALSE,0.3695,0.33255,0.29560000000000003,FALSE,FALSE,,1.787015378974968,wan_2014_q1_q3,,0.631805346278924,sd_div_sqrt_n,,FALSE,FALSE,FALSE,FALSE,FALSE,experimental
