study_id,es_id,arm,se_recalculated,se_analysis_column,abs_diff
uygur_2010_aphyhun,es001,control,58.69,58.69,0
uygur_2010_aphyhun,es002,control,0.82,0.82,0
uygur_2010_aphyhun,es003,control,25.25,25.25,0
barzegar_2014_hippo,es004,control,3.47,3.47,0
barzegar_2014_hippo,es005,control,2.03,2.03,0
barzegar_2014_hippo,es006,control,3.47,3.47,0
barzegar_2014_hippo,es007,control,2.03,2.03,0
barzegar_2014_hippo,es008,control,3.47,3.47,0
barzegar_2014_hippo,es009,control,2.03,2.03,0
hassanvand_2012_phyphar,es010,control,1.1277859024064218,1.127786,9.759357810779079e-8
hassanvand_2012_phyphar,es011,control,0.7518708765472966,0.751871,1.2345270339331194e-7
hassanvand_2012_phyphar,es012,control,1.8169906663675155,1.816991,3.3363248452822347e-7
arjunan_2023_stress,es013,control,10.58179568882333,10.581796,3.11176670209079e-7
arjunan_2023_stress,es014,control,11.516684273985577,11.516684,2.7398557733704365e-7
arjunan_2023_stress,es015,control,10.58179568882333,10.581796,3.11176670209079e-7
arjunan_2023_stress,es016,control,11.516684273985577,11.516684,2.7398557733704365e-7
arjunan_2023_stress,es017,control,10.58179568882333,10.581796,3.11176670209079e-7
arjunan_2023_stress,es018,control,11.516684273985577,11.516684,2.7398557733704365e-7
hadizadeh_2018_irjbamedsci,es019,control,3.13,3.13,0
hadizadeh_2018_irjbamedsci,es020,control,1.18,1.18,0
abramova_2024_devneur,es021,control,5.047048910274469,5.047049,8.97255310050582e-8
abramova_2024_devneur,es022,control,4.988100411407705,4.9881,4.114077052363996e-7
abramova_2024_devneur,es023,control,0.946938166878858,0.946938,1.6687885806554448e-7
abramova_2024_devneur,es024,control,1.169693488544267,1.169693,4.88544266818991e-7
abramova_2024_devneur,es025,control,0.5671765062034827,0.567177,4.937965173423819e-7
abramova_2024_devneur,es026,control,0.3414423189103207,0.341442,3.189103206513444e-7
abramova_2024_devneur,es027,control,2.321313700751645,2.321314,2.99248354984627e-7
abramova_2024_devneur,es028,control,3.302862827479043,3.302863,1.7252095707576132e-7
abramova_2024_devneur,es029,control,0.5934803441723399,0.59348,3.4417233985006845e-7
abramova_2024_devneur,es030,control,0.7893740739164344,0.789374,7.39164344176757e-8
abramova_2024_devneur,es031,control,0.19892277463948232,0.198923,2.25360517663864e-7
abramova_2024_devneur,es032,control,0.2518559679090979,0.251856,3.2090902102321905e-8
abramova_2024_devneur,es033,control,0.9157023592908402,0.915702,3.5929084019059587e-7
abramova_2024_devneur,es034,control,1.6446701797016934,1.64467,1.797016933036133e-7
abramova_2024_devneur,es035,control,2.364057437451038,2.364057,4.374510380600327e-7
abramova_2024_devneur,es036,control,2.222755689935999,2.222756,3.10064001141086e-7
abramova_2024_devneur,es037,control,1.7656451236595374,1.765645,1.236595374987104e-7
abramova_2024_devneur,es038,control,2.6656165194137413,2.665617,4.805862587886622e-7
abramova_2024_devneur,es039,control,2.189794510907359,2.189795,4.890926410539009e-7
abramova_2024_devneur,es040,control,1.4080269883777086,1.408027,1.1622291351542913e-8
abramova_2024_devneur,es041,control,0.35016984296041104,0.35017,1.570395889438636e-7
abramova_2024_devneur,es042,control,0.253546276418555,0.253546,2.7641855498972134e-7
abramova_2024_devneur,es043,control,7.314940191143056,7.31494,1.9114305604972515e-7
abramova_2024_devneur,es044,control,12.889344759658396,12.889345,2.403416043961215e-7
abramova_2024_devneur,es045,control,4.3,4.3,0
abramova_2024_devneur,es046,control,5.2,5.2,0
oliveira_2015_jbehavbraisci,es047,control,7.25,7.25,0
oliveira_2015_jbehavbraisci,es048,control,34.2,34.2,0
oliveira_2015_jbehavbraisci,es049,control,37.31,37.31,0
oliveira_2015_jbehavbraisci,es050,control,1.11,1.11,0
oliveira_2015_jbehavbraisci,es051,control,2.31,2.31,0
oliveira_2015_jbehavbraisci,es052,control,2.23,2.23,0
pavlov_2023_molsci,es053,control,3.073733885683665,3.073734,1.1431633506475691e-7
pavlov_2023_molsci,es054,control,1.95112531632389,1.951125,3.1632388997060445e-7
pavlov_2023_molsci,es055,control,5.533985905294664,5.533986,9.470533601785291e-8
pavlov_2023_molsci,es056,control,6.5901866437909025,6.590187,3.562090977737853e-7
pavlov_2023_molsci,es057,control,1.7202790471315983,1.720279,4.713159840186165e-8
nishio_2006_intjdevlneur,es058,control,6.17,6.17,0
nishio_2006_intjdevlneur,es059,control,3.06,3.06,0
nishio_2006_intjdevlneur,es060,control,4.31,4.31,0
nishio_2006_intjdevlneur,es061,control,3.4,3.4,0
nishio_2006_intjdevlneur,es062,control,0.76,0.76,0
nishio_2006_intjdevlneur,es063,control,1.08,1.08,0
uygur_2011_ankarauniv,es064,control,8.29,8.29,0
uygur_2011_ankarauniv,es065,control,13.52,13.52,0
uygur_2011_ankarauniv,es066,control,6.28,6.28,0
uygur_2011_ankarauniv,es067,control,13.15,13.15,0
uygur_2011_ankarauniv,es068,control,1.49,1.49,0
uygur_2011_ankarauniv,es069,control,0.95,0.95,0
uygur_2011_ankarauniv,es070,control,4.89,4.89,0
uygur_2011_ankarauniv,es071,control,3.93,3.93,0
morra_1965_physiolrec,es072,control,1.0583005244258363,1.058301,4.755741636053301e-7
morra_1965_physiolrec,es073,control,0.995306445590965,0.995306,4.455909650147305e-7
abramova_2021_front,es074,control,3.5230564121921244,3.523056,4.121921244326643e-7
abramova_2021_front,es075,control,3.1580584000000003,3.158058,4.0000000023354687e-7
abramova_2021_front,es076,control,1.8257105066009356,1.825711,4.933990644939712e-7
abramova_2021_front,es077,control,1.3867468,1.386747,1.9999999989472883e-7
abramova_2021_front,es078,control,0.5268197991773477,0.52682,2.0082265228538176e-7
abramova_2021_front,es079,control,0.298217,0.298217,0
abramova_2021_front,es080,control,1.4257540046521229,1.425754,4.6521229091212035e-9
abramova_2021_front,es081,control,0.6780134,0.678013,4.0000000001150227e-7
abramova_2021_front,es082,control,0.3054750761945129,0.305475,7.619451292129042e-8
abramova_2021_front,es083,control,0.3330666,0.333067,4.0000000001150227e-7
abramova_2021_front,es084,control,2.738594951919371,2.738595,4.8080629255764507e-8
abramova_2021_front,es085,control,5.0170534,5.017053,4.0000000023354687e-7
abramova_2021_front,es086,control,8.700762693009871,8.700763,3.069901293173416e-7
abramova_2021_front,es087,control,7.3276044,7.327604,4.0000000023354687e-7
badache_2017_stress,es088,control,11.76,11.76,0
badache_2017_stress,es089,control,4.04,4.04,0
badache_2017_stress,es090,control,0.23,0.23,0
badache_2017_stress,es091,control,1.26,1.26,0
badache_2017_stress,es092,control,7.96,7.96,0
badache_2017_stress,es093,control,1.13,1.13,0
whitlow_1978_thesis,es094,control,1.8114833899321297,1.811483,3.89932129696291e-7
whitlow_1978_thesis,es095,control,1.8114833899321297,1.811483,3.89932129696291e-7
whitlow_1978_thesis,es096,control,1.4096172530158675,1.409617,2.5301586759063355e-7
whitlow_1978_thesis,es097,control,1.4096172530158675,1.409617,2.5301586759063355e-7
whitlow_1978_thesis,es098,control,0.9308527383533873,0.930853,2.6164661270922096e-7
whitlow_1978_thesis,es099,control,0.9308527383533873,0.930853,2.6164661270922096e-7
whitlow_1978_thesis,es100,control,0.4732861481176055,0.473286,1.4811760551403097e-7
whitlow_1978_thesis,es101,control,0.4732861481176055,0.473286,1.4811760551403097e-7
whitlow_1978_thesis,es102,control,0.5652332633523969,0.565233,2.633523968897933e-7
whitlow_1978_thesis,es103,control,0.5652332633523969,0.565233,2.633523968897933e-7
whitlow_1978_thesis,es104,control,0.4381798808708588,0.43818,1.1912914121836593e-7
whitlow_1978_thesis,es105,control,0.4381798808708588,0.43818,1.1912914121836593e-7
whitlow_1978_thesis,es106,control,0.29495972691199723,0.29496,2.730880027668192e-7
whitlow_1978_thesis,es107,control,0.29495972691199723,0.29496,2.730880027668192e-7
whitlow_1978_thesis,es108,control,0.33317412864746865,0.333174,1.286474686224004e-7
whitlow_1978_thesis,es109,control,0.33317412864746865,0.333174,1.286474686224004e-7
whitlow_1978_thesis,es110,control,0.23874497795765257,0.238745,2.2042347447293054e-8
whitlow_1978_thesis,es111,control,0.23874497795765257,0.238745,2.2042347447293054e-8
whitlow_1978_thesis,es112,control,1.5127223474583826,1.512722,3.47458382732313e-7
whitlow_1978_thesis,es113,control,1.5127223474583826,1.512722,3.47458382732313e-7
whitlow_1978_thesis,es114,control,1.2596888951245064,1.259689,1.0487549362281356e-7
whitlow_1978_thesis,es115,control,1.2596888951245064,1.259689,1.0487549362281356e-7
whitlow_1978_thesis,es116,control,0.9777430838415581,0.977743,8.384155802954041e-8
whitlow_1978_thesis,es117,control,0.9777430838415581,0.977743,8.384155802954041e-8
whitlow_1978_thesis,es118,control,0.45014284455048265,0.450143,1.5544951736945478e-7
whitlow_1978_thesis,es119,control,0.45014284455048265,0.450143,1.5544951736945478e-7
whitlow_1978_thesis,es120,control,0.4190838603430106,0.419084,1.3965698941742488e-7
whitlow_1978_thesis,es121,control,0.4190838603430106,0.419084,1.3965698941742488e-7
whitlow_1978_thesis,es122,control,0.4386270944663587,0.438627,9.446635873544551e-8
whitlow_1978_thesis,es123,control,0.4386270944663587,0.438627,9.446635873544551e-8
whitlow_1978_thesis,es124,control,0.3453159777652925,0.345316,2.223470751960832e-8
whitlow_1978_thesis,es125,control,0.3453159777652925,0.345316,2.223470751960832e-8
whitlow_1978_thesis,es126,control,0.276310919979649,0.276311,8.002035095655557e-8
whitlow_1978_thesis,es127,control,0.276310919979649,0.276311,8.002035095655557e-8
whitlow_1978_thesis,es128,control,0.37248420369191493,0.372484,2.0369191494618022e-7
whitlow_1978_thesis,es129,control,0.37248420369191493,0.372484,2.0369191494618022e-7
abramova_2020_genpath,es130,control,5.948995416139602,5.948995,4.161396018886876e-7
abramova_2020_genpath,es131,control,6.011892564326145,6.011893,4.356738543265237e-7
abramova_2020_genpath,es132,control,2.3824902331908935,2.38249,2.331908932617921e-7
abramova_2020_genpath,es133,control,2.2868893963744727,2.286889,3.9637447279972093e-7
abramova_2020_genpath,es134,control,1.0595995116080414,1.0596,4.883919586529117e-7
abramova_2020_genpath,es135,control,0.6478158775840555,0.647816,1.2241594449236004e-7
abramova_2020_genpath,es136,control,3.8983150400204956,3.898315,4.002049536211416e-8
abramova_2020_genpath,es137,control,4.7748446059793395,4.774845,3.940206605435037e-7
abramova_2020_genpath,es138,control,5.498709817880008,5.49871,1.8211999197603745e-7
abramova_2020_genpath,es139,control,7.584250558311611,7.584251,4.416883889746259e-7
abramova_2020_genpath,es140,control,1.3084657432466467,1.308466,2.5675335324493176e-7
abramova_2020_genpath,es141,control,0.6391184641754609,0.639118,4.641754609568949e-7
abramova_2020_genpath,es142,control,3.820679910434791,3.82068,8.95652090271426e-8
abramova_2020_genpath,es143,control,5.5622905026217,5.562291,4.973783003237031e-7
abramova_2020_genpath,es144,control,3.6447013606055574,3.644701,3.606055574145728e-7
abramova_2020_genpath,es145,control,5.168479165952872,5.168479,1.6595287277709758e-7
abramova_2020_genpath,es146,control,0.46720404321880604,0.467204,4.321880603397332e-8
abramova_2020_genpath,es147,control,0.6164321216123926,0.616432,1.2161239260066736e-7
abramova_2020_genpath,es148,control,0.28004515350207365,0.280045,1.535020736631587e-7
abramova_2020_genpath,es149,control,0.441376052816643,0.441376,5.281664300360589e-8
abramova_2020_genpath,es150,control,0.6823808646936108,0.682381,1.3530638920400406e-7
abramova_2020_genpath,es151,control,1.1647227197444416,1.164723,2.8025555831590054e-7
abramova_2020_genpath,es152,control,8.574180299043169,8.57418,2.990431688942863e-7
abramova_2020_genpath,es153,control,10.421457592257536,10.421458,4.0774246379271517e-7
abramova_2020_genpath,es154,control,0.8641284699047938,0.864128,4.699047937428702e-7
abramova_2020_genpath,es155,control,1.2955610444899925,1.295561,4.448999257888886e-8
abramova_2020_genpath,es156,control,8.108116650492887,8.108117,3.495071130288352e-7
abramova_2020_genpath,es157,control,7.265922870534449,7.265923,1.2946555116855052e-7
abramova_2020_genpath,es158,control,0.5311332266955251,0.531133,2.2669552512954994e-7
abramova_2020_genpath,es159,control,0.5309900522190182,0.53099,5.22190182206117e-8
abramova_2020_genpath,es160,control,13.93002631037067,13.930026,3.1037066960948323e-7
abramova_2020_genpath,es161,control,13.264451116696168,13.264451,1.1669616917231451e-7
abramova_2020_genpath,es162,control,12.045387240817538,12.045387,2.408175383550315e-7
abramova_2020_genpath,es163,control,6.411962826210543,6.411963,1.7378945749157992e-7
abramova_2023_biopsy,es164,control,2.7,2.7,0
abramova_2023_biopsy,es165,control,3.5,3.5,0
abramova_2023_biopsy,es166,control,1.7,1.7,0
abramova_2023_biopsy,es167,control,2.5,2.5,0
abramova_2023_biopsy,es170,control,4.9,4.9,0
abramova_2023_biopsy,es171,control,3,3,0
abramova_2023_biopsy,es174,control,0.6,0.6,0
abramova_2023_biopsy,es175,control,0.6,0.6,0
abramova_2023_biopsy,es178,control,7,7,0
abramova_2023_biopsy,es179,control,5,5,0
abramova_2023_biopsy,es182,control,1,1,0
abramova_2023_biopsy,es183,control,0.62,0.62,0
abramova_2023_biopsy,es186,control,1.5,1.5,0
abramova_2023_biopsy,es187,control,1.2,1.2,0
abramova_2023_biopsy,es188,control,1.8,1.8,0
abramova_2023_biopsy,es189,control,1.3,1.3,0
abramova_2023_biopsy,es192,control,6.9,6.9,0
abramova_2023_biopsy,es193,control,4.7,4.7,0
abramova_2023_biopsy,es196,control,1.8,1.8,0
abramova_2023_biopsy,es197,control,0.9,0.9,0
abramova_2023_biopsy,es198,control,5.8,5.8,0
abramova_2023_biopsy,es199,control,6.7,6.7,0
abramova_2023_biopsy,es202,control,13,13,0
abramova_2023_biopsy,es203,control,26,26,0
abramova_2023_biopsy,es204,control,7,7,0
abramova_2023_biopsy,es205,control,8,8,0
uygur_2010_aphyhun,es001,experimental,66.9,66.9,0
uygur_2010_aphyhun,es002,experimental,0.73,0.73,0
uygur_2010_aphyhun,es003,experimental,16.87,16.87,0
barzegar_2014_hippo,es004,experimental,6.2,6.2,0
barzegar_2014_hippo,es005,experimental,1.37,1.37,0
barzegar_2014_hippo,es006,experimental,2.666667,2.666667,0
barzegar_2014_hippo,es007,experimental,1.81,1.81,0
barzegar_2014_hippo,es008,experimental,2.8,2.8,0
barzegar_2014_hippo,es009,experimental,2.63,2.63,0
hassanvand_2012_phyphar,es010,experimental,1.1904520149926245,1.190452,1.4992624475240746e-8
hassanvand_2012_phyphar,es011,experimental,1.002494502063062,1.002495,4.979369379043419e-7
hassanvand_2012_phyphar,es012,experimental,1.0651197898202187,1.06512,2.1017978135695614e-7
arjunan_2023_stress,es013,experimental,7.695480275243819,7.69548,2.752438188480255e-7
arjunan_2023_stress,es014,experimental,7.952676698236052,7.952677,3.0176394805181417e-7
arjunan_2023_stress,es015,experimental,4.809164861664306,4.809165,1.3833569401100476e-7
arjunan_2023_stress,es016,experimental,4.388669122486528,4.388669,1.224865275872844e-7
arjunan_2023_stress,es017,experimental,4.809164861664306,4.809165,1.3833569401100476e-7
arjunan_2023_stress,es018,experimental,4.935721831708104,4.935722,1.6829189597444838e-7
hadizadeh_2018_irjbamedsci,es019,experimental,1.25,1.25,0
hadizadeh_2018_irjbamedsci,es020,experimental,1.78,1.78,0
abramova_2024_devneur,es021,experimental,2.5028571428571427,2.502857,1.4285714255990456e-7
abramova_2024_devneur,es022,experimental,3.7673842504991564,3.767384,2.5049915652886057e-7
abramova_2024_devneur,es023,experimental,0.4414285714285714,0.441429,4.2857142862340325e-7
abramova_2024_devneur,es024,experimental,0.7929748362395183,0.792975,1.6376048173061264e-7
abramova_2024_devneur,es025,experimental,2.792857142857143,2.792857,1.4285714300399377e-7
abramova_2024_devneur,es026,experimental,0.5608111009146404,0.560811,1.0091464042183418e-7
abramova_2024_devneur,es027,experimental,3.2328571428571427,3.232857,1.4285714255990456e-7
abramova_2024_devneur,es028,experimental,4.18497746273936,4.184977,4.627393597189666e-7
abramova_2024_devneur,es029,experimental,0.6614285714285714,0.661429,4.285714286789144e-7
abramova_2024_devneur,es030,experimental,1.0809181703112827,1.080918,1.7031128263234052e-7
abramova_2024_devneur,es031,experimental,0.27285714285714285,0.272857,1.4285714283746032e-7
abramova_2024_devneur,es032,experimental,0.20352015758999045,0.20352,1.5758999044601651e-7
abramova_2024_devneur,es033,experimental,1.57,1.57,0
abramova_2024_devneur,es034,experimental,1.2075529350339433,1.207553,6.496605675643252e-8
abramova_2024_devneur,es035,experimental,2.5157142857142856,2.515714,2.8571428556389833e-7
abramova_2024_devneur,es036,experimental,2.0608300401890145,2.06083,4.0189014338665174e-8
abramova_2024_devneur,es037,experimental,4.401428571428571,4.401429,4.285714290119813e-7
abramova_2024_devneur,es038,experimental,7.390043055600987,7.390043,5.5600986925696816e-8
abramova_2024_devneur,es039,experimental,2.457142857142857,2.457143,1.4285714300399377e-7
abramova_2024_devneur,es040,experimental,3.81411850890871,3.814119,4.910912898559161e-7
abramova_2024_devneur,es041,experimental,0.31142857142857144,0.311429,4.285714285678921e-7
abramova_2024_devneur,es042,experimental,0.4191007689630914,0.419101,2.3103690860448722e-7
abramova_2024_devneur,es043,experimental,5.388912406328101,5.388912,4.063281009436537e-7
abramova_2024_devneur,es044,experimental,12.310052802486268,12.310053,1.9751373159238028e-7
abramova_2024_devneur,es045,experimental,5.4,5.4,0
abramova_2024_devneur,es046,experimental,4.3,4.3,0
oliveira_2015_jbehavbraisci,es047,experimental,4.15,4.15,0
oliveira_2015_jbehavbraisci,es048,experimental,37.82,37.82,0
oliveira_2015_jbehavbraisci,es049,experimental,42.49,42.49,0
oliveira_2015_jbehavbraisci,es050,experimental,2.37,2.37,0
oliveira_2015_jbehavbraisci,es051,experimental,1.17,1.17,0
oliveira_2015_jbehavbraisci,es052,experimental,4.46,4.46,0
pavlov_2023_molsci,es053,experimental,3.605354153398605,3.605354,1.5339860492957769e-7
pavlov_2023_molsci,es054,experimental,0.8472181368623853,0.847218,1.3686238531374073e-7
pavlov_2023_molsci,es055,experimental,2.9799628473235322,2.979963,1.5267646791272682e-7
pavlov_2023_molsci,es056,experimental,2.5550174726827772,2.555017,4.726827773637865e-7
pavlov_2023_molsci,es057,experimental,1.1305150532895554,1.130515,5.328955543504321e-8
nishio_2006_intjdevlneur,es058,experimental,3.55,3.55,0
nishio_2006_intjdevlneur,es059,experimental,6.17,6.17,0
nishio_2006_intjdevlneur,es060,experimental,3.48,3.48,0
nishio_2006_intjdevlneur,es061,experimental,6.63,6.63,0
nishio_2006_intjdevlneur,es062,experimental,0.53,0.53,0
nishio_2006_intjdevlneur,es063,experimental,0.51,0.51,0
uygur_2011_ankarauniv,es064,experimental,7.86,7.86,0
uygur_2011_ankarauniv,es065,experimental,12.83,12.83,0
uygur_2011_ankarauniv,es066,experimental,5.96,5.96,0
uygur_2011_ankarauniv,es067,experimental,12.48,12.48,0
uygur_2011_ankarauniv,es068,experimental,1.42,1.42,0
uygur_2011_ankarauniv,es069,experimental,0.9,0.9,0
uygur_2011_ankarauniv,es070,experimental,4.64,4.64,0
uygur_2011_ankarauniv,es071,experimental,3.73,3.73,0
morra_1965_physiolrec,es072,experimental,1.4029560628493376,1.402956,6.284933751210531e-8
morra_1965_physiolrec,es073,experimental,1.386052977754767,1.386053,2.224523298899328e-8
abramova_2021_front,es074,experimental,2.9132356965553283,2.913236,3.0344467161214084e-7
abramova_2021_front,es075,experimental,3.4349597514219714,3.43496,2.4857802838340604e-7
abramova_2021_front,es076,experimental,1.0142010762949794,1.014201,7.629497944527941e-8
abramova_2021_front,es077,experimental,0.98398622647316,0.983986,2.264731600032377e-7
abramova_2021_front,es078,experimental,0.46548452402336976,0.465485,4.7597663022092007e-7
abramova_2021_front,es079,experimental,0.5476542020289812,0.547654,2.0202898121102209e-7
abramova_2021_front,es080,experimental,1.1743791416834055,1.174379,1.4168340545239744e-7
abramova_2021_front,es081,experimental,0.5167772059171685,0.516777,2.059171684276606e-7
abramova_2021_front,es082,experimental,0.408818837757341,0.408819,1.6224265897424317e-7
abramova_2021_front,es083,experimental,0.41221968320571767,0.41222,3.167942823067982e-7
abramova_2021_front,es084,experimental,5.664320352410944,5.66432,3.5241094398230643e-7
abramova_2021_front,es085,experimental,4.076941998061238,4.076942,1.9387620397992578e-9
abramova_2021_front,es086,experimental,12.353509612741849,12.35351,3.8725815088014315e-7
abramova_2021_front,es087,experimental,13.077468513524407,13.077469,4.864755940303667e-7
badache_2017_stress,es088,experimental,12.97,12.97,0
badache_2017_stress,es089,experimental,2.23,2.23,0
badache_2017_stress,es090,experimental,0.07,0.07,0
badache_2017_stress,es091,experimental,0.48,0.48,0
badache_2017_stress,es092,experimental,3.67,3.67,0
badache_2017_stress,es093,experimental,0.51,0.51,0
whitlow_1978_thesis,es094,experimental,1.8871742909704974,1.887174,2.9097049747406345e-7
whitlow_1978_thesis,es095,experimental,1.7445802360453357,1.74458,2.3604533572196829e-7
whitlow_1978_thesis,es096,experimental,1.4628803922399125,1.46288,3.9223991254999646e-7
whitlow_1978_thesis,es097,experimental,1.3579864434153972,1.357986,4.4341539728876e-7
whitlow_1978_thesis,es098,experimental,1.156226029805591,1.156226,2.9805591106324414e-8
whitlow_1978_thesis,es099,experimental,0.8873164948314665,0.887316,4.948314664687814e-7
whitlow_1978_thesis,es100,experimental,0.42901200216310964,0.429012,2.1631096358554203e-9
whitlow_1978_thesis,es101,experimental,0.4305772497473595,0.430577,2.497473595153288e-7
whitlow_1978_thesis,es102,experimental,0.5324748674820249,0.532475,1.325179751487937e-7
whitlow_1978_thesis,es103,experimental,0.49001193658930386,0.490012,6.341069613835515e-8
whitlow_1978_thesis,es104,experimental,0.4295262977979346,0.429526,2.977979345897275e-7
whitlow_1978_thesis,es105,experimental,0.3920945198545881,0.392095,4.801454119296444e-7
whitlow_1978_thesis,es106,experimental,0.3448016821304676,0.344802,3.178695324179692e-7
whitlow_1978_thesis,es107,experimental,0.31801358776002003,0.318014,4.122399799855181e-7
whitlow_1978_thesis,es108,experimental,0.31486073191174535,0.314861,2.680882546512997e-7
whitlow_1978_thesis,es109,experimental,0.30258471871527154,0.302585,2.8128472845390107e-7
whitlow_1978_thesis,es110,experimental,0.3586876642707413,0.358688,3.357292587269356e-7
whitlow_1978_thesis,es111,experimental,0.37818617703453944,0.378186,1.770345394169759e-7
whitlow_1978_thesis,es112,experimental,1.8871742909704974,1.887174,2.9097049747406345e-7
whitlow_1978_thesis,es113,experimental,1.7445802360453357,1.74458,2.3604533572196829e-7
whitlow_1978_thesis,es114,experimental,1.4628803922399125,1.46288,3.9223991254999646e-7
whitlow_1978_thesis,es115,experimental,1.3579864434153972,1.357986,4.4341539728876e-7
whitlow_1978_thesis,es116,experimental,1.156226029805591,1.156226,2.9805591106324414e-8
whitlow_1978_thesis,es117,experimental,0.8873164948314665,0.887316,4.948314664687814e-7
whitlow_1978_thesis,es118,experimental,0.42901200216310964,0.429012,2.1631096358554203e-9
whitlow_1978_thesis,es119,experimental,0.4305772497473595,0.430577,2.497473595153288e-7
whitlow_1978_thesis,es120,experimental,0.5324748674820249,0.532475,1.325179751487937e-7
whitlow_1978_thesis,es121,experimental,0.49001193658930386,0.490012,6.341069613835515e-8
whitlow_1978_thesis,es122,experimental,0.4295262977979346,0.429526,2.977979345897275e-7
whitlow_1978_thesis,es123,experimental,0.3920945198545881,0.392095,4.801454119296444e-7
whitlow_1978_thesis,es124,experimental,0.3448016821304676,0.344802,3.178695324179692e-7
whitlow_1978_thesis,es125,experimental,0.31801358776002003,0.318014,4.122399799855181e-7
whitlow_1978_thesis,es126,experimental,0.31486073191174535,0.314861,2.680882546512997e-7
whitlow_1978_thesis,es127,experimental,0.30258471871527154,0.302585,2.8128472845390107e-7
whitlow_1978_thesis,es128,experimental,0.3586876642707413,0.358688,3.357292587269356e-7
whitlow_1978_thesis,es129,experimental,0.37818617703453944,0.378186,1.770345394169759e-7
abramova_2020_genpath,es130,experimental,6.070661500242482,6.070662,4.99757517147259e-7
abramova_2020_genpath,es131,experimental,4.86045,4.86045,0
abramova_2020_genpath,es132,experimental,2.536649769406801,2.53665,2.3059319875784468e-7
abramova_2020_genpath,es133,experimental,2.22715,2.22715,0
abramova_2020_genpath,es134,experimental,0.32680271289861523,0.326803,2.871013847771664e-7
abramova_2020_genpath,es135,experimental,0.232725,0.232725,0
abramova_2020_genpath,es136,experimental,4.581982803156407,4.581983,1.9684359298111076e-7
abramova_2020_genpath,es137,experimental,3.074025,3.074025,0
abramova_2020_genpath,es138,experimental,10.044119069307225,10.044119,6.930722484810303e-8
abramova_2020_genpath,es139,experimental,7.162475,7.162475,0
abramova_2020_genpath,es140,experimental,0.4990021627418589,0.499002,1.627418588778795e-7
abramova_2020_genpath,es141,experimental,0.341575,0.341575,0
abramova_2020_genpath,es142,experimental,9.054465476536397,9.054465,4.765363961212188e-7
abramova_2020_genpath,es143,experimental,10.968425,10.968425,0
abramova_2020_genpath,es144,experimental,8.912044188949551,8.912044,1.889495511164796e-7
abramova_2020_genpath,es145,experimental,10.4604,10.4604,0
abramova_2020_genpath,es146,experimental,0.7197230402987262,0.719723,4.0298726244891725e-8
abramova_2020_genpath,es147,experimental,0.809925,0.809925,0
abramova_2020_genpath,es148,experimental,0.5042098999007206,0.50421,1.0009927942089547e-7
abramova_2020_genpath,es149,experimental,0.478725,0.478725,0
abramova_2020_genpath,es150,experimental,1.2422632573357049,1.242263,2.5733570496733194e-7
abramova_2020_genpath,es151,experimental,1.714825,1.714825,0
abramova_2020_genpath,es152,experimental,4.7626935767262495,4.762694,4.2327375027184644e-7
abramova_2020_genpath,es153,experimental,5.518025,5.518025,0
abramova_2020_genpath,es154,experimental,1.2314577762704013,1.231458,2.237295986251553e-7
abramova_2020_genpath,es155,experimental,1.6695,1.6695,0
abramova_2020_genpath,es156,experimental,2.5889106735825154,2.588911,3.264174845973855e-7
abramova_2020_genpath,es157,experimental,4.602875,4.602875,0
abramova_2020_genpath,es158,experimental,0.578678247115105,0.578678,2.4711510493435895e-7
abramova_2020_genpath,es159,experimental,0.4652,0.4652,0
abramova_2020_genpath,es160,experimental,16.378815137661338,16.378815,1.376613383285985e-7
abramova_2020_genpath,es161,experimental,18.9553,18.9553,0
abramova_2020_genpath,es162,experimental,6.638279844243422,6.63828,1.557565783016912e-7
abramova_2020_genpath,es163,experimental,8.4909,8.4909,0
abramova_2023_biopsy,es164,experimental,3.3,3.3,0
abramova_2023_biopsy,es165,experimental,5.1,5.1,0
abramova_2023_biopsy,es166,experimental,1.2,1.2,0
abramova_2023_biopsy,es167,experimental,1.7,1.7,0
abramova_2023_biopsy,es170,experimental,19.4,19.4,0
abramova_2023_biopsy,es171,experimental,20.1,20.1,0
abramova_2023_biopsy,es174,experimental,0.5,0.5,0
abramova_2023_biopsy,es175,experimental,0.6,0.6,0
abramova_2023_biopsy,es178,experimental,13,13,0
abramova_2023_biopsy,es179,experimental,11,11,0
abramova_2023_biopsy,es182,experimental,0.8,0.8,0
abramova_2023_biopsy,es183,experimental,0.7,0.7,0
abramova_2023_biopsy,es186,experimental,2.3,2.3,0
abramova_2023_biopsy,es187,experimental,1.7,1.7,0
abramova_2023_biopsy,es188,experimental,1.3,1.3,0
abramova_2023_biopsy,es189,experimental,1.4,1.4,0
abramova_2023_biopsy,es192,experimental,6.6,6.6,0
abramova_2023_biopsy,es193,experimental,10.1,10.1,0
abramova_2023_biopsy,es196,experimental,4.8,4.8,0
abramova_2023_biopsy,es197,experimental,2.9,2.9,0
abramova_2023_biopsy,es198,experimental,4.4,4.4,0
abramova_2023_biopsy,es199,experimental,4,4,0
abramova_2023_biopsy,es202,experimental,11,11,0
abramova_2023_biopsy,es203,experimental,8,8,0
abramova_2023_biopsy,es204,experimental,5,5,0
abramova_2023_biopsy,es205,experimental,7,7,0
