issue_id,severity,certainty,category,study_id,es_id,csv_row,field,current_value,expected_or_review,evidence,source_file,source_locator,recommended_action
I0477,High,Confirmed,Study metadata,barzegar_2014_hippo,es004,5,title,Effects of chronic stress on cognitive functions and anxiety related behaviors in rats,"Prenatal Exposure to Noise Stress: Anxiety, Impaired Spatial Memory, and Deteriorated Hippocampal Plasticity in Postnatal Life",A study_id should map to one publication title; this row contains a title from another included study.,included_studies/barzegar_2014_hippo.pdf,PDF page 1,Replace with the publication title used by the other rows for this study_id.
I0481,High,Confirmed,Summary statistics,barzegar_2014_hippo,es006,7,ex_se,8.43,2.6658,The stored SE is inconsistent with ex_sd / sqrt(ex_n).,Metadigitise_figs/metaDigitise_output.csv,matching figure/group row,Recalculate SE from the verified SD and n in the corrected copy; preserve the original value in an audit column.
I0482,High,Confirmed,Summary statistics,abramova_2020_genpath,es130,131,c_se,18.1638,5.948995,The stored SE is inconsistent with c_sd / sqrt(c_n).,included_studies/abramova_2020_genpath/abramova2020_descriptives.xlsx,matching descriptive-statistics row,Recalculate SE from the verified SD and n in the corrected copy; preserve the original value in an audit column.
I0483,High,Confirmed,Summary statistics,abramova_2020_genpath,es131,132,c_se,23.1577,6.011893,The stored SE is inconsistent with c_sd / sqrt(c_n).,included_studies/abramova_2020_genpath/abramova2020_descriptives.xlsx,matching descriptive-statistics row,Recalculate SE from the verified SD and n in the corrected copy; preserve the original value in an audit column.
I0484,High,Confirmed,Summary statistics,abramova_2020_genpath,es131,132,ex_se,14.9063,4.86045,The stored SE is inconsistent with ex_sd / sqrt(ex_n).,included_studies/abramova_2020_genpath/abramova2020_descriptives.xlsx,matching descriptive-statistics row,Recalculate SE from the verified SD and n in the corrected copy; preserve the original value in an audit column.
I0485,High,Confirmed,Summary statistics,abramova_2020_genpath,es132,133,c_se,8.3527,2.38249,The stored SE is inconsistent with c_sd / sqrt(c_n).,included_studies/abramova_2020_genpath/abramova2020_descriptives.xlsx,matching descriptive-statistics row,Recalculate SE from the verified SD and n in the corrected copy; preserve the original value in an audit column.
I0486,High,Confirmed,Summary statistics,abramova_2020_genpath,es133,134,c_se,9.9437,2.286889,The stored SE is inconsistent with c_sd / sqrt(c_n).,included_studies/abramova_2020_genpath/abramova2020_descriptives.xlsx,matching descriptive-statistics row,Recalculate SE from the verified SD and n in the corrected copy; preserve the original value in an audit column.
I0487,High,Confirmed,Summary statistics,abramova_2020_genpath,es133,134,ex_se,7.0469,2.22715,The stored SE is inconsistent with ex_sd / sqrt(ex_n).,included_studies/abramova_2020_genpath/abramova2020_descriptives.xlsx,matching descriptive-statistics row,Recalculate SE from the verified SD and n in the corrected copy; preserve the original value in an audit column.
I0488,High,Confirmed,Summary statistics,abramova_2020_genpath,es134,135,c_se,0.6629,1.0596,The stored SE is inconsistent with c_sd / sqrt(c_n).,included_studies/abramova_2020_genpath/abramova2020_descriptives.xlsx,matching descriptive-statistics row,Recalculate SE from the verified SD and n in the corrected copy; preserve the original value in an audit column.
I0489,High,Confirmed,Summary statistics,abramova_2020_genpath,es135,136,c_se,0.9723,0.647816,The stored SE is inconsistent with c_sd / sqrt(c_n).,included_studies/abramova_2020_genpath/abramova2020_descriptives.xlsx,matching descriptive-statistics row,Recalculate SE from the verified SD and n in the corrected copy; preserve the original value in an audit column.
I0490,High,Confirmed,Summary statistics,abramova_2020_genpath,es135,136,ex_se,0.3125,0.232725,The stored SE is inconsistent with ex_sd / sqrt(ex_n).,included_studies/abramova_2020_genpath/abramova2020_descriptives.xlsx,matching descriptive-statistics row,Recalculate SE from the verified SD and n in the corrected copy; preserve the original value in an audit column.
I0491,High,Confirmed,Summary statistics,abramova_2020_genpath,es136,137,c_se,4.4207,3.898315,The stored SE is inconsistent with c_sd / sqrt(c_n).,included_studies/abramova_2020_genpath/abramova2020_descriptives.xlsx,matching descriptive-statistics row,Recalculate SE from the verified SD and n in the corrected copy; preserve the original value in an audit column.
I0492,High,Confirmed,Summary statistics,abramova_2020_genpath,es137,138,c_se,4.9042,4.774845,The stored SE is inconsistent with c_sd / sqrt(c_n).,included_studies/abramova_2020_genpath/abramova2020_descriptives.xlsx,matching descriptive-statistics row,Recalculate SE from the verified SD and n in the corrected copy; preserve the original value in an audit column.
I0493,High,Confirmed,Summary statistics,abramova_2020_genpath,es137,138,ex_se,4.2813,3.074025,The stored SE is inconsistent with ex_sd / sqrt(ex_n).,included_studies/abramova_2020_genpath/abramova2020_descriptives.xlsx,matching descriptive-statistics row,Recalculate SE from the verified SD and n in the corrected copy; preserve the original value in an audit column.
I0494,High,Confirmed,Summary statistics,abramova_2020_genpath,es138,139,c_se,3.3508,5.49871,The stored SE is inconsistent with c_sd / sqrt(c_n).,included_studies/abramova_2020_genpath/abramova2020_descriptives.xlsx,matching descriptive-statistics row,Recalculate SE from the verified SD and n in the corrected copy; preserve the original value in an audit column.
I0495,High,Confirmed,Summary statistics,abramova_2020_genpath,es139,140,c_se,2.919,7.584251,The stored SE is inconsistent with c_sd / sqrt(c_n).,included_studies/abramova_2020_genpath/abramova2020_descriptives.xlsx,matching descriptive-statistics row,Recalculate SE from the verified SD and n in the corrected copy; preserve the original value in an audit column.
I0496,High,Confirmed,Summary statistics,abramova_2020_genpath,es139,140,ex_se,8.1981,7.162475,The stored SE is inconsistent with ex_sd / sqrt(ex_n).,included_studies/abramova_2020_genpath/abramova2020_descriptives.xlsx,matching descriptive-statistics row,Recalculate SE from the verified SD and n in the corrected copy; preserve the original value in an audit column.
I0497,High,Confirmed,Summary statistics,abramova_2020_genpath,es140,141,c_se,1.6352,1.308466,The stored SE is inconsistent with c_sd / sqrt(c_n).,included_studies/abramova_2020_genpath/abramova2020_descriptives.xlsx,matching descriptive-statistics row,Recalculate SE from the verified SD and n in the corrected copy; preserve the original value in an audit column.
I0498,High,Confirmed,Summary statistics,abramova_2020_genpath,es141,142,c_se,1.0165,0.639118,The stored SE is inconsistent with c_sd / sqrt(c_n).,included_studies/abramova_2020_genpath/abramova2020_descriptives.xlsx,matching descriptive-statistics row,Recalculate SE from the verified SD and n in the corrected copy; preserve the original value in an audit column.
I0499,High,Confirmed,Summary statistics,abramova_2020_genpath,es141,142,ex_se,0.75,0.341575,The stored SE is inconsistent with ex_sd / sqrt(ex_n).,included_studies/abramova_2020_genpath/abramova2020_descriptives.xlsx,matching descriptive-statistics row,Recalculate SE from the verified SD and n in the corrected copy; preserve the original value in an audit column.
I0500,High,Confirmed,Summary statistics,abramova_2020_genpath,es142,143,c_se,63.1059,3.82068,The stored SE is inconsistent with c_sd / sqrt(c_n).,included_studies/abramova_2020_genpath/abramova2020_descriptives.xlsx,matching descriptive-statistics row,Recalculate SE from the verified SD and n in the corrected copy; preserve the original value in an audit column.
I0501,High,Confirmed,Summary statistics,abramova_2020_genpath,es143,144,c_se,63.7452,5.562291,The stored SE is inconsistent with c_sd / sqrt(c_n).,included_studies/abramova_2020_genpath/abramova2020_descriptives.xlsx,matching descriptive-statistics row,Recalculate SE from the verified SD and n in the corrected copy; preserve the original value in an audit column.
I0502,High,Confirmed,Summary statistics,abramova_2020_genpath,es144,145,c_se,3.4941,3.644701,The stored SE is inconsistent with c_sd / sqrt(c_n).,included_studies/abramova_2020_genpath/abramova2020_descriptives.xlsx,matching descriptive-statistics row,Recalculate SE from the verified SD and n in the corrected copy; preserve the original value in an audit column.
I0503,High,Confirmed,Summary statistics,abramova_2020_genpath,es145,146,c_se,6.324,5.168479,The stored SE is inconsistent with c_sd / sqrt(c_n).,included_studies/abramova_2020_genpath/abramova2020_descriptives.xlsx,matching descriptive-statistics row,Recalculate SE from the verified SD and n in the corrected copy; preserve the original value in an audit column.
I0504,High,Confirmed,Summary statistics,abramova_2020_genpath,es146,147,c_se,0.436,0.467204,The stored SE is inconsistent with c_sd / sqrt(c_n).,included_studies/abramova_2020_genpath/abramova2020_descriptives.xlsx,matching descriptive-statistics row,Recalculate SE from the verified SD and n in the corrected copy; preserve the original value in an audit column.
I0505,High,Confirmed,Summary statistics,abramova_2020_genpath,es147,148,c_se,1.0345,0.616432,The stored SE is inconsistent with c_sd / sqrt(c_n).,included_studies/abramova_2020_genpath/abramova2020_descriptives.xlsx,matching descriptive-statistics row,Recalculate SE from the verified SD and n in the corrected copy; preserve the original value in an audit column.
I0506,High,Confirmed,Summary statistics,abramova_2020_genpath,es148,149,c_se,0.6485,0.280045,The stored SE is inconsistent with c_sd / sqrt(c_n).,included_studies/abramova_2020_genpath/abramova2020_descriptives.xlsx,matching descriptive-statistics row,Recalculate SE from the verified SD and n in the corrected copy; preserve the original value in an audit column.
I0507,High,Confirmed,Summary statistics,abramova_2020_genpath,es149,150,c_se,0.8773,0.441376,The stored SE is inconsistent with c_sd / sqrt(c_n).,included_studies/abramova_2020_genpath/abramova2020_descriptives.xlsx,matching descriptive-statistics row,Recalculate SE from the verified SD and n in the corrected copy; preserve the original value in an audit column.
I0508,High,Confirmed,Summary statistics,abramova_2020_genpath,es150,151,c_se,0.6596,0.682381,The stored SE is inconsistent with c_sd / sqrt(c_n).,included_studies/abramova_2020_genpath/abramova2020_descriptives.xlsx,matching descriptive-statistics row,Recalculate SE from the verified SD and n in the corrected copy; preserve the original value in an audit column.
I0509,High,Confirmed,Summary statistics,abramova_2020_genpath,es151,152,c_se,1.3618,1.164723,The stored SE is inconsistent with c_sd / sqrt(c_n).,included_studies/abramova_2020_genpath/abramova2020_descriptives.xlsx,matching descriptive-statistics row,Recalculate SE from the verified SD and n in the corrected copy; preserve the original value in an audit column.
I0510,High,Confirmed,Summary statistics,abramova_2020_genpath,es152,153,c_se,10.6014,8.57418,The stored SE is inconsistent with c_sd / sqrt(c_n).,included_studies/abramova_2020_genpath/abramova2020_descriptives.xlsx,matching descriptive-statistics row,Recalculate SE from the verified SD and n in the corrected copy; preserve the original value in an audit column.
I0511,High,Confirmed,Summary statistics,abramova_2020_genpath,es153,154,c_se,11.0271,10.421458,The stored SE is inconsistent with c_sd / sqrt(c_n).,included_studies/abramova_2020_genpath/abramova2020_descriptives.xlsx,matching descriptive-statistics row,Recalculate SE from the verified SD and n in the corrected copy; preserve the original value in an audit column.
I0512,High,Confirmed,Summary statistics,abramova_2020_genpath,es154,155,c_se,1.8448,0.864128,The stored SE is inconsistent with c_sd / sqrt(c_n).,included_studies/abramova_2020_genpath/abramova2020_descriptives.xlsx,matching descriptive-statistics row,Recalculate SE from the verified SD and n in the corrected copy; preserve the original value in an audit column.
I0513,High,Confirmed,Summary statistics,abramova_2020_genpath,es155,156,c_se,2.763,1.295561,The stored SE is inconsistent with c_sd / sqrt(c_n).,included_studies/abramova_2020_genpath/abramova2020_descriptives.xlsx,matching descriptive-statistics row,Recalculate SE from the verified SD and n in the corrected copy; preserve the original value in an audit column.
I0514,High,Confirmed,Summary statistics,abramova_2020_genpath,es156,157,c_se,5.1394,8.108117,The stored SE is inconsistent with c_sd / sqrt(c_n).,included_studies/abramova_2020_genpath/abramova2020_descriptives.xlsx,matching descriptive-statistics row,Recalculate SE from the verified SD and n in the corrected copy; preserve the original value in an audit column.
I0515,High,Confirmed,Summary statistics,abramova_2020_genpath,es157,158,c_se,2.6348,7.265923,The stored SE is inconsistent with c_sd / sqrt(c_n).,included_studies/abramova_2020_genpath/abramova2020_descriptives.xlsx,matching descriptive-statistics row,Recalculate SE from the verified SD and n in the corrected copy; preserve the original value in an audit column.
I0516,High,Confirmed,Summary statistics,abramova_2020_genpath,es158,159,c_se,0.8497,0.531133,The stored SE is inconsistent with c_sd / sqrt(c_n).,included_studies/abramova_2020_genpath/abramova2020_descriptives.xlsx,matching descriptive-statistics row,Recalculate SE from the verified SD and n in the corrected copy; preserve the original value in an audit column.
I0517,High,Confirmed,Summary statistics,abramova_2020_genpath,es159,160,c_se,1.0345,0.53099,The stored SE is inconsistent with c_sd / sqrt(c_n).,included_studies/abramova_2020_genpath/abramova2020_descriptives.xlsx,matching descriptive-statistics row,Recalculate SE from the verified SD and n in the corrected copy; preserve the original value in an audit column.
I0518,High,Confirmed,Summary statistics,abramova_2020_genpath,es160,161,c_se,54.0167,13.930026,The stored SE is inconsistent with c_sd / sqrt(c_n).,included_studies/abramova_2020_genpath/abramova2020_descriptives.xlsx,matching descriptive-statistics row,Recalculate SE from the verified SD and n in the corrected copy; preserve the original value in an audit column.
I0519,High,Confirmed,Summary statistics,abramova_2020_genpath,es160,161,ex_se,42.7578,16.378815,The stored SE is inconsistent with ex_sd / sqrt(ex_n).,included_studies/abramova_2020_genpath/abramova2020_descriptives.xlsx,matching descriptive-statistics row,Recalculate SE from the verified SD and n in the corrected copy; preserve the original value in an audit column.
I0520,High,Confirmed,Summary statistics,abramova_2020_genpath,es161,162,c_se,42.2685,13.264451,The stored SE is inconsistent with c_sd / sqrt(c_n).,included_studies/abramova_2020_genpath/abramova2020_descriptives.xlsx,matching descriptive-statistics row,Recalculate SE from the verified SD and n in the corrected copy; preserve the original value in an audit column.
I0521,High,Confirmed,Summary statistics,abramova_2020_genpath,es161,162,ex_se,51.7909,18.9553,The stored SE is inconsistent with ex_sd / sqrt(ex_n).,included_studies/abramova_2020_genpath/abramova2020_descriptives.xlsx,matching descriptive-statistics row,Recalculate SE from the verified SD and n in the corrected copy; preserve the original value in an audit column.
I0522,High,Confirmed,Summary statistics,abramova_2020_genpath,es162,163,c_se,18.658,12.045387,The stored SE is inconsistent with c_sd / sqrt(c_n).,included_studies/abramova_2020_genpath/abramova2020_descriptives.xlsx,matching descriptive-statistics row,Recalculate SE from the verified SD and n in the corrected copy; preserve the original value in an audit column.
I0523,High,Confirmed,Summary statistics,abramova_2020_genpath,es162,163,ex_se,13.4021,6.558537,The stored SE is inconsistent with ex_sd / sqrt(ex_n).,included_studies/abramova_2020_genpath/abramova2020_descriptives.xlsx,matching descriptive-statistics row,Recalculate SE from the verified SD and n in the corrected copy; preserve the original value in an audit column.
I0524,High,Confirmed,Summary statistics,abramova_2020_genpath,es163,164,c_se,15.4811,6.411963,The stored SE is inconsistent with c_sd / sqrt(c_n).,included_studies/abramova_2020_genpath/abramova2020_descriptives.xlsx,matching descriptive-statistics row,Recalculate SE from the verified SD and n in the corrected copy; preserve the original value in an audit column.
I0525,High,Confirmed,Summary statistics,abramova_2020_genpath,es163,164,ex_se,12.4549,8.4909,The stored SE is inconsistent with ex_sd / sqrt(ex_n).,included_studies/abramova_2020_genpath/abramova2020_descriptives.xlsx,matching descriptive-statistics row,Recalculate SE from the verified SD and n in the corrected copy; preserve the original value in an audit column.
I0534,High,Confirmed,Author raw-data reconciliation,abramova_2021_front,es074,75,c_mean; c_sd; c_n; c_se,mean=29; sd=15.7903; n=25; se=3.1581,mean=33.73913; sd=16.895985; n=23; se=3.5230564,"Control summaries match author raw-data sex=male, whereas offspring_sex and the experimental arm are sex=female.",included_studies/abramova_2021_front/abramova_2021_front.xlsx,Лист1; No handling; metric=squares; Control Females,Replace the four control statistics with the same-sex Control subgroup and retain offspring_sex/experimental statistics.
I0535,High,Confirmed,Source traceability,abramova_2021_front,es074,75,data_source,Figure 2a,Author raw data,"The CSV statistics exactly reproduce the author raw-data subgroup, not the MetaDigitise values for the cited figure.",included_studies/abramova_2021_front/abramova_2021_front.xlsx,Лист1; No handling; squares,Change the source field and retain the figure only as a secondary publication reference.
I0537,High,Confirmed,Author raw-data reconciliation,abramova_2021_front,es075,76,c_mean; c_sd; c_n; c_se,mean=33.7391; sd=16.896; n=23; se=3.5231,mean=29; sd=15.790292; n=25; se=3.1580585,"Control summaries match author raw-data sex=female, whereas offspring_sex and the experimental arm are sex=male.",included_studies/abramova_2021_front/abramova_2021_front.xlsx,Лист1; No handling; metric=squares; Control Males,Replace the four control statistics with the same-sex Control subgroup and retain offspring_sex/experimental statistics.
I0538,High,Confirmed,Source traceability,abramova_2021_front,es075,76,data_source,Figure 2a,Author raw data,"The CSV statistics exactly reproduce the author raw-data subgroup, not the MetaDigitise values for the cited figure.",included_studies/abramova_2021_front/abramova_2021_front.xlsx,Лист1; No handling; squares,Change the source field and retain the figure only as a secondary publication reference.
I0540,High,Confirmed,Author raw-data reconciliation,abramova_2021_front,es076,77,c_mean; c_sd; c_n; c_se,mean=8.92; sd=6.9337; n=25; se=1.3867,mean=10.130435; sd=8.7557999; n=23; se=1.8257105,"Control summaries match author raw-data sex=male, whereas offspring_sex and the experimental arm are sex=female.",included_studies/abramova_2021_front/abramova_2021_front.xlsx,Лист1; No handling; metric=rearing; Control Females,Replace the four control statistics with the same-sex Control subgroup and retain offspring_sex/experimental statistics.
I0541,High,Confirmed,Source traceability,abramova_2021_front,es076,77,data_source,Figure 2b,Author raw data,"The CSV statistics exactly reproduce the author raw-data subgroup, not the MetaDigitise values for the cited figure.",included_studies/abramova_2021_front/abramova_2021_front.xlsx,Лист1; No handling; rearing,Change the source field and retain the figure only as a secondary publication reference.
I0543,High,Confirmed,Author raw-data reconciliation,abramova_2021_front,es077,78,c_mean; c_sd; c_n; c_se,mean=10.1304; sd=8.7558; n=23; se=1.8257,mean=8.92; sd=6.933734; n=25; se=1.3867468,"Control summaries match author raw-data sex=female, whereas offspring_sex and the experimental arm are sex=male.",included_studies/abramova_2021_front/abramova_2021_front.xlsx,Лист1; No handling; metric=rearing; Control Males,Replace the four control statistics with the same-sex Control subgroup and retain offspring_sex/experimental statistics.
I0544,High,Confirmed,Source traceability,abramova_2021_front,es077,78,data_source,Figure 2b,Author raw data,"The CSV statistics exactly reproduce the author raw-data subgroup, not the MetaDigitise values for the cited figure.",included_studies/abramova_2021_front/abramova_2021_front.xlsx,Лист1; No handling; rearing,Change the source field and retain the figure only as a secondary publication reference.
I0546,High,Confirmed,Author raw-data reconciliation,abramova_2021_front,es078,79,c_mean; c_sd; c_n; c_se,mean=1.16; sd=1.4911; n=25; se=0.2982,mean=2.2608696; sd=2.526539; n=23; se=0.52681979,"Control summaries match author raw-data sex=male, whereas offspring_sex and the experimental arm are sex=female.",included_studies/abramova_2021_front/abramova_2021_front.xlsx,Лист1; No handling; metric=center_num; Control Females,Replace the four control statistics with the same-sex Control subgroup and retain offspring_sex/experimental statistics.
I0548,High,Confirmed,Author raw-data reconciliation,abramova_2021_front,es079,80,c_mean; c_sd; c_n; c_se,mean=2.2609; sd=2.5265; n=23; se=0.5268,mean=1.16; sd=1.4910846; n=25; se=0.29821692,"Control summaries match author raw-data sex=female, whereas offspring_sex and the experimental arm are sex=male.",included_studies/abramova_2021_front/abramova_2021_front.xlsx,Лист1; No handling; metric=center_num; Control Males,Replace the four control statistics with the same-sex Control subgroup and retain offspring_sex/experimental statistics.
I0550,High,Confirmed,Author raw-data reconciliation,abramova_2021_front,es080,81,c_mean; c_sd; c_n; c_se,mean=2.0964; sd=3.3901; n=25; se=0.678,mean=5.1769565; sd=6.837676; n=23; se=1.425754,"Control summaries match author raw-data sex=male, whereas offspring_sex and the experimental arm are sex=female.",included_studies/abramova_2021_front/abramova_2021_front.xlsx,Лист1; No handling; metric=center_totalTime; Control Females,Replace the four control statistics with the same-sex Control subgroup and retain offspring_sex/experimental statistics.
I0552,High,Confirmed,Author raw-data reconciliation,abramova_2021_front,es081,82,c_mean; c_sd; c_n; c_se,mean=5.177; sd=6.8377; n=23; se=1.4258,mean=2.0964; sd=3.3900675; n=25; se=0.67801349,"Control summaries match author raw-data sex=female, whereas offspring_sex and the experimental arm are sex=male.",included_studies/abramova_2021_front/abramova_2021_front.xlsx,Лист1; No handling; metric=center_totalTime; Control Males,Replace the four control statistics with the same-sex Control subgroup and retain offspring_sex/experimental statistics.
I0554,High,Confirmed,Author raw-data reconciliation,abramova_2021_front,es082,83,c_mean; c_sd; c_n; c_se,mean=3.76; sd=1.6653; n=25; se=0.3331,mean=2.6521739; sd=1.4650068; n=23; se=0.30547504,"Control summaries match author raw-data sex=male, whereas offspring_sex and the experimental arm are sex=female.",included_studies/abramova_2021_front/abramova_2021_front.xlsx,Лист1; No handling; metric=grum_number; Control Females,Replace the four control statistics with the same-sex Control subgroup and retain offspring_sex/experimental statistics.
I0556,High,Confirmed,Author raw-data reconciliation,abramova_2021_front,es083,84,c_mean; c_sd; c_n; c_se,mean=2.6522; sd=1.465; n=23; se=0.3055,mean=3.76; sd=1.6653328; n=25; se=0.33306656,"Control summaries match author raw-data sex=female, whereas offspring_sex and the experimental arm are sex=male.",included_studies/abramova_2021_front/abramova_2021_front.xlsx,Лист1; No handling; metric=grum_number; Control Males,Replace the four control statistics with the same-sex Control subgroup and retain offspring_sex/experimental statistics.
I0558,High,Confirmed,Author raw-data reconciliation,abramova_2021_front,es084,85,c_mean; c_sd; c_n; c_se,mean=34.048; sd=25.0853; n=25; se=5.0171,mean=16.378696; sd=13.13384; n=23; se=2.738595,"Control summaries match author raw-data sex=male, whereas offspring_sex and the experimental arm are sex=female.",included_studies/abramova_2021_front/abramova_2021_front.xlsx,Лист1; No handling; metric=grum_totalTime; Control Females,Replace the four control statistics with the same-sex Control subgroup and retain offspring_sex/experimental statistics.
I0560,High,Confirmed,Author raw-data reconciliation,abramova_2021_front,es085,86,c_mean; c_sd; c_n; c_se,mean=16.3787; sd=13.1338; n=23; se=2.7386,mean=34.048; sd=25.085267; n=25; se=5.0170534,"Control summaries match author raw-data sex=female, whereas offspring_sex and the experimental arm are sex=male.",included_studies/abramova_2021_front/abramova_2021_front.xlsx,Лист1; No handling; metric=grum_totalTime; Control Males,Replace the four control statistics with the same-sex Control subgroup and retain offspring_sex/experimental statistics.
I0562,High,Confirmed,Author raw-data reconciliation,abramova_2021_front,es086,87,c_mean; c_sd; c_n; c_se,mean=36.678; sd=36.638; n=25; se=7.3276,mean=39.256957; sd=41.727392; n=23; se=8.7007627,"Control summaries match author raw-data sex=male, whereas offspring_sex and the experimental arm are sex=female.",included_studies/abramova_2021_front/abramova_2021_front.xlsx,Лист1; No handling; metric=freez_totalTime; Control Females,Replace the four control statistics with the same-sex Control subgroup and retain offspring_sex/experimental statistics.
I0563,High,Confirmed,Source traceability,abramova_2021_front,es086,87,data_source,Figure 2c,Author raw data,"The CSV statistics exactly reproduce the author raw-data subgroup, not the MetaDigitise values for the cited figure.",included_studies/abramova_2021_front/abramova_2021_front.xlsx,Лист1; No handling; freez_totalTime,Change the source field and retain the figure only as a secondary publication reference.
I0565,High,Confirmed,Author raw-data reconciliation,abramova_2021_front,es087,88,c_mean; c_sd; c_n; c_se,mean=39.257; sd=41.7274; n=23; se=8.7008,mean=36.678; sd=36.638022; n=25; se=7.3276043,"Control summaries match author raw-data sex=female, whereas offspring_sex and the experimental arm are sex=male.",included_studies/abramova_2021_front/abramova_2021_front.xlsx,Лист1; No handling; metric=freez_totalTime; Control Males,Replace the four control statistics with the same-sex Control subgroup and retain offspring_sex/experimental statistics.
I0566,High,Confirmed,Source traceability,abramova_2021_front,es087,88,data_source,Figure 2c,Author raw data,"The CSV statistics exactly reproduce the author raw-data subgroup, not the MetaDigitise values for the cited figure.",included_studies/abramova_2021_front/abramova_2021_front.xlsx,Лист1; No handling; freez_totalTime,Change the source field and retain the figure only as a secondary publication reference.
I0568,Medium,Review,Statistical assumption,whitlow_1978_thesis,es094,95,c_sd; ex_sd,8.1012; 8.4397,decision required,stat_comment states SD was imputed as sqrt(mean); the figure error-bar meaning is not reported.,included_studies/whitlow_1978_thesis.pdf,Figure 2 and Metadigitise_figs/whitlow_1978_thesis_fig2.png,"Pre-specify whether to retain this variance assumption, derive an alternative, or include these effects only in sensitivity analysis."
I0569,Medium,Review,Statistical assumption,whitlow_1978_thesis,es095,96,c_sd; ex_sd,8.1012; 7.802,decision required,stat_comment states SD was imputed as sqrt(mean); the figure error-bar meaning is not reported.,included_studies/whitlow_1978_thesis.pdf,Figure 2 and Metadigitise_figs/whitlow_1978_thesis_fig2.png,"Pre-specify whether to retain this variance assumption, derive an alternative, or include these effects only in sensitivity analysis."
I0570,Medium,Review,Statistical assumption,whitlow_1978_thesis,es096,97,c_sd; ex_sd,6.304; 6.5422,decision required,stat_comment states SD was imputed as sqrt(mean); the figure error-bar meaning is not reported.,included_studies/whitlow_1978_thesis.pdf,Figure 2 and Metadigitise_figs/whitlow_1978_thesis_fig2.png,"Pre-specify whether to retain this variance assumption, derive an alternative, or include these effects only in sensitivity analysis."
I0571,Medium,Review,Statistical assumption,whitlow_1978_thesis,es097,98,c_sd; ex_sd,6.304; 6.0731,decision required,stat_comment states SD was imputed as sqrt(mean); the figure error-bar meaning is not reported.,included_studies/whitlow_1978_thesis.pdf,Figure 2 and Metadigitise_figs/whitlow_1978_thesis_fig2.png,"Pre-specify whether to retain this variance assumption, derive an alternative, or include these effects only in sensitivity analysis."
I0572,Medium,Review,Statistical assumption,whitlow_1978_thesis,es098,99,c_sd; ex_sd,4.1629; 5.1708,decision required,stat_comment states SD was imputed as sqrt(mean); the figure error-bar meaning is not reported.,included_studies/whitlow_1978_thesis.pdf,Figure 2 and Metadigitise_figs/whitlow_1978_thesis_fig2.png,"Pre-specify whether to retain this variance assumption, derive an alternative, or include these effects only in sensitivity analysis."
I0573,Medium,Review,Statistical assumption,whitlow_1978_thesis,es099,100,c_sd; ex_sd,4.1629; 3.9682,decision required,stat_comment states SD was imputed as sqrt(mean); the figure error-bar meaning is not reported.,included_studies/whitlow_1978_thesis.pdf,Figure 2 and Metadigitise_figs/whitlow_1978_thesis_fig2.png,"Pre-specify whether to retain this variance assumption, derive an alternative, or include these effects only in sensitivity analysis."
I0574,Medium,Review,Statistical assumption,whitlow_1978_thesis,es100,101,c_sd; ex_sd,2.1166; 1.9186,decision required,stat_comment states SD was imputed as sqrt(mean); the figure error-bar meaning is not reported.,included_studies/whitlow_1978_thesis.pdf,Figure 4 and Metadigitise_figs/whitlow_1978_thesis_fig4.png,"Pre-specify whether to retain this variance assumption, derive an alternative, or include these effects only in sensitivity analysis."
I0575,Medium,Review,Statistical assumption,whitlow_1978_thesis,es101,102,c_sd; ex_sd,2.1166; 1.9256,decision required,stat_comment states SD was imputed as sqrt(mean); the figure error-bar meaning is not reported.,included_studies/whitlow_1978_thesis.pdf,Figure 4 and Metadigitise_figs/whitlow_1978_thesis_fig4.png,"Pre-specify whether to retain this variance assumption, derive an alternative, or include these effects only in sensitivity analysis."
I0576,Medium,Review,Statistical assumption,whitlow_1978_thesis,es102,103,c_sd; ex_sd,2.5278; 2.3813,decision required,stat_comment states SD was imputed as sqrt(mean); the figure error-bar meaning is not reported.,included_studies/whitlow_1978_thesis.pdf,Figure 4 and Metadigitise_figs/whitlow_1978_thesis_fig4.png,"Pre-specify whether to retain this variance assumption, derive an alternative, or include these effects only in sensitivity analysis."
I0577,Medium,Review,Statistical assumption,whitlow_1978_thesis,es103,104,c_sd; ex_sd,2.5278; 2.1914,decision required,stat_comment states SD was imputed as sqrt(mean); the figure error-bar meaning is not reported.,included_studies/whitlow_1978_thesis.pdf,Figure 4 and Metadigitise_figs/whitlow_1978_thesis_fig4.png,"Pre-specify whether to retain this variance assumption, derive an alternative, or include these effects only in sensitivity analysis."
I0578,Medium,Review,Statistical assumption,whitlow_1978_thesis,es104,105,c_sd; ex_sd,1.9596; 1.9209,decision required,stat_comment states SD was imputed as sqrt(mean); the figure error-bar meaning is not reported.,included_studies/whitlow_1978_thesis.pdf,Figure 4 and Metadigitise_figs/whitlow_1978_thesis_fig4.png,"Pre-specify whether to retain this variance assumption, derive an alternative, or include these effects only in sensitivity analysis."
I0579,Medium,Review,Statistical assumption,whitlow_1978_thesis,es105,106,c_sd; ex_sd,1.9596; 1.7535,decision required,stat_comment states SD was imputed as sqrt(mean); the figure error-bar meaning is not reported.,included_studies/whitlow_1978_thesis.pdf,Figure 4 and Metadigitise_figs/whitlow_1978_thesis_fig4.png,"Pre-specify whether to retain this variance assumption, derive an alternative, or include these effects only in sensitivity analysis."
I0580,Medium,Review,Statistical assumption,whitlow_1978_thesis,es106,107,c_sd; ex_sd,1.3191; 1.542,decision required,stat_comment states SD was imputed as sqrt(mean); the figure error-bar meaning is not reported.,included_studies/whitlow_1978_thesis.pdf,Figure 5 and Metadigitise_figs/whitlow_1978_thesis_fig5.png,"Pre-specify whether to retain this variance assumption, derive an alternative, or include these effects only in sensitivity analysis."
I0581,Medium,Review,Statistical assumption,whitlow_1978_thesis,es107,108,c_sd; ex_sd,1.3191; 1.4222,decision required,stat_comment states SD was imputed as sqrt(mean); the figure error-bar meaning is not reported.,included_studies/whitlow_1978_thesis.pdf,Figure 5 and Metadigitise_figs/whitlow_1978_thesis_fig5.png,"Pre-specify whether to retain this variance assumption, derive an alternative, or include these effects only in sensitivity analysis."
I0582,Medium,Review,Statistical assumption,whitlow_1978_thesis,es108,109,c_sd; ex_sd,1.49; 1.4081,decision required,stat_comment states SD was imputed as sqrt(mean); the figure error-bar meaning is not reported.,included_studies/whitlow_1978_thesis.pdf,Figure 5 and Metadigitise_figs/whitlow_1978_thesis_fig5.png,"Pre-specify whether to retain this variance assumption, derive an alternative, or include these effects only in sensitivity analysis."
I0583,Medium,Review,Statistical assumption,whitlow_1978_thesis,es109,110,c_sd; ex_sd,1.49; 1.3532,decision required,stat_comment states SD was imputed as sqrt(mean); the figure error-bar meaning is not reported.,included_studies/whitlow_1978_thesis.pdf,Figure 5 and Metadigitise_figs/whitlow_1978_thesis_fig5.png,"Pre-specify whether to retain this variance assumption, derive an alternative, or include these effects only in sensitivity analysis."
I0584,Medium,Review,Statistical assumption,whitlow_1978_thesis,es110,111,c_sd; ex_sd,1.0677; 1.6041,decision required,stat_comment states SD was imputed as sqrt(mean); the figure error-bar meaning is not reported.,included_studies/whitlow_1978_thesis.pdf,Figure 5 and Metadigitise_figs/whitlow_1978_thesis_fig5.png,"Pre-specify whether to retain this variance assumption, derive an alternative, or include these effects only in sensitivity analysis."
I0585,Medium,Review,Statistical assumption,whitlow_1978_thesis,es111,112,c_sd; ex_sd,1.0677; 1.6913,decision required,stat_comment states SD was imputed as sqrt(mean); the figure error-bar meaning is not reported.,included_studies/whitlow_1978_thesis.pdf,Figure 5 and Metadigitise_figs/whitlow_1978_thesis_fig5.png,"Pre-specify whether to retain this variance assumption, derive an alternative, or include these effects only in sensitivity analysis."
I0586,Medium,Review,Statistical assumption,whitlow_1978_thesis,es112,113,c_sd; ex_sd,6.7651; 8.4397,decision required,stat_comment states SD was imputed as sqrt(mean); the figure error-bar meaning is not reported.,included_studies/whitlow_1978_thesis.pdf,Figure 2 and Metadigitise_figs/whitlow_1978_thesis_fig2.png,"Pre-specify whether to retain this variance assumption, derive an alternative, or include these effects only in sensitivity analysis."
I0587,Medium,Review,Statistical assumption,whitlow_1978_thesis,es113,114,c_sd; ex_sd,6.7651; 7.802,decision required,stat_comment states SD was imputed as sqrt(mean); the figure error-bar meaning is not reported.,included_studies/whitlow_1978_thesis.pdf,Figure 2 and Metadigitise_figs/whitlow_1978_thesis_fig2.png,"Pre-specify whether to retain this variance assumption, derive an alternative, or include these effects only in sensitivity analysis."
I0588,Medium,Review,Statistical assumption,whitlow_1978_thesis,es114,115,c_sd; ex_sd,5.6335; 6.5422,decision required,stat_comment states SD was imputed as sqrt(mean); the figure error-bar meaning is not reported.,included_studies/whitlow_1978_thesis.pdf,Figure 2 and Metadigitise_figs/whitlow_1978_thesis_fig2.png,"Pre-specify whether to retain this variance assumption, derive an alternative, or include these effects only in sensitivity analysis."
I0589,Medium,Review,Statistical assumption,whitlow_1978_thesis,es115,116,c_sd; ex_sd,5.6335; 6.0731,decision required,stat_comment states SD was imputed as sqrt(mean); the figure error-bar meaning is not reported.,included_studies/whitlow_1978_thesis.pdf,Figure 2 and Metadigitise_figs/whitlow_1978_thesis_fig2.png,"Pre-specify whether to retain this variance assumption, derive an alternative, or include these effects only in sensitivity analysis."
I0590,Medium,Review,Statistical assumption,whitlow_1978_thesis,es116,117,c_sd; ex_sd,4.3726; 5.1708,decision required,stat_comment states SD was imputed as sqrt(mean); the figure error-bar meaning is not reported.,included_studies/whitlow_1978_thesis.pdf,Figure 2 and Metadigitise_figs/whitlow_1978_thesis_fig2.png,"Pre-specify whether to retain this variance assumption, derive an alternative, or include these effects only in sensitivity analysis."
I0591,Medium,Review,Statistical assumption,whitlow_1978_thesis,es117,118,c_sd; ex_sd,4.3726; 3.9682,decision required,stat_comment states SD was imputed as sqrt(mean); the figure error-bar meaning is not reported.,included_studies/whitlow_1978_thesis.pdf,Figure 2 and Metadigitise_figs/whitlow_1978_thesis_fig2.png,"Pre-specify whether to retain this variance assumption, derive an alternative, or include these effects only in sensitivity analysis."
I0592,Medium,Review,Statistical assumption,whitlow_1978_thesis,es118,119,c_sd; ex_sd,2.0131; 1.9186,decision required,stat_comment states SD was imputed as sqrt(mean); the figure error-bar meaning is not reported.,included_studies/whitlow_1978_thesis.pdf,Figure 4 and Metadigitise_figs/whitlow_1978_thesis_fig4.png,"Pre-specify whether to retain this variance assumption, derive an alternative, or include these effects only in sensitivity analysis."
I0593,Medium,Review,Statistical assumption,whitlow_1978_thesis,es119,120,c_sd; ex_sd,2.0131; 1.9256,decision required,stat_comment states SD was imputed as sqrt(mean); the figure error-bar meaning is not reported.,included_studies/whitlow_1978_thesis.pdf,Figure 4 and Metadigitise_figs/whitlow_1978_thesis_fig4.png,"Pre-specify whether to retain this variance assumption, derive an alternative, or include these effects only in sensitivity analysis."
I0594,Medium,Review,Statistical assumption,whitlow_1978_thesis,es120,121,c_sd; ex_sd,1.8742; 2.3813,decision required,stat_comment states SD was imputed as sqrt(mean); the figure error-bar meaning is not reported.,included_studies/whitlow_1978_thesis.pdf,Figure 4 and Metadigitise_figs/whitlow_1978_thesis_fig4.png,"Pre-specify whether to retain this variance assumption, derive an alternative, or include these effects only in sensitivity analysis."
I0595,Medium,Review,Statistical assumption,whitlow_1978_thesis,es121,122,c_sd; ex_sd,1.8742; 2.1914,decision required,stat_comment states SD was imputed as sqrt(mean); the figure error-bar meaning is not reported.,included_studies/whitlow_1978_thesis.pdf,Figure 4 and Metadigitise_figs/whitlow_1978_thesis_fig4.png,"Pre-specify whether to retain this variance assumption, derive an alternative, or include these effects only in sensitivity analysis."
I0596,Medium,Review,Statistical assumption,whitlow_1978_thesis,es122,123,c_sd; ex_sd,1.9616; 1.9209,decision required,stat_comment states SD was imputed as sqrt(mean); the figure error-bar meaning is not reported.,included_studies/whitlow_1978_thesis.pdf,Figure 4 and Metadigitise_figs/whitlow_1978_thesis_fig4.png,"Pre-specify whether to retain this variance assumption, derive an alternative, or include these effects only in sensitivity analysis."
I0597,Medium,Review,Statistical assumption,whitlow_1978_thesis,es123,124,c_sd; ex_sd,1.9616; 1.7535,decision required,stat_comment states SD was imputed as sqrt(mean); the figure error-bar meaning is not reported.,included_studies/whitlow_1978_thesis.pdf,Figure 4 and Metadigitise_figs/whitlow_1978_thesis_fig4.png,"Pre-specify whether to retain this variance assumption, derive an alternative, or include these effects only in sensitivity analysis."
I0598,Medium,Review,Statistical assumption,whitlow_1978_thesis,es124,125,c_sd; ex_sd,1.5443; 1.542,decision required,stat_comment states SD was imputed as sqrt(mean); the figure error-bar meaning is not reported.,included_studies/whitlow_1978_thesis.pdf,Figure 5 and Metadigitise_figs/whitlow_1978_thesis_fig5.png,"Pre-specify whether to retain this variance assumption, derive an alternative, or include these effects only in sensitivity analysis."
I0599,Medium,Review,Statistical assumption,whitlow_1978_thesis,es125,126,c_sd; ex_sd,1.5443; 1.4222,decision required,stat_comment states SD was imputed as sqrt(mean); the figure error-bar meaning is not reported.,included_studies/whitlow_1978_thesis.pdf,Figure 5 and Metadigitise_figs/whitlow_1978_thesis_fig5.png,"Pre-specify whether to retain this variance assumption, derive an alternative, or include these effects only in sensitivity analysis."
I0600,Medium,Review,Statistical assumption,whitlow_1978_thesis,es126,127,c_sd; ex_sd,1.2357; 1.4081,decision required,stat_comment states SD was imputed as sqrt(mean); the figure error-bar meaning is not reported.,included_studies/whitlow_1978_thesis.pdf,Figure 5 and Metadigitise_figs/whitlow_1978_thesis_fig5.png,"Pre-specify whether to retain this variance assumption, derive an alternative, or include these effects only in sensitivity analysis."
I0601,Medium,Review,Statistical assumption,whitlow_1978_thesis,es127,128,c_sd; ex_sd,1.2357; 1.3532,decision required,stat_comment states SD was imputed as sqrt(mean); the figure error-bar meaning is not reported.,included_studies/whitlow_1978_thesis.pdf,Figure 5 and Metadigitise_figs/whitlow_1978_thesis_fig5.png,"Pre-specify whether to retain this variance assumption, derive an alternative, or include these effects only in sensitivity analysis."
I0602,Medium,Review,Statistical assumption,whitlow_1978_thesis,es128,129,c_sd; ex_sd,1.6658; 1.6041,decision required,stat_comment states SD was imputed as sqrt(mean); the figure error-bar meaning is not reported.,included_studies/whitlow_1978_thesis.pdf,Figure 5 and Metadigitise_figs/whitlow_1978_thesis_fig5.png,"Pre-specify whether to retain this variance assumption, derive an alternative, or include these effects only in sensitivity analysis."
I0603,Medium,Review,Statistical assumption,whitlow_1978_thesis,es129,130,c_sd; ex_sd,1.6658; 1.6913,decision required,stat_comment states SD was imputed as sqrt(mean); the figure error-bar meaning is not reported.,included_studies/whitlow_1978_thesis.pdf,Figure 5 and Metadigitise_figs/whitlow_1978_thesis_fig5.png,"Pre-specify whether to retain this variance assumption, derive an alternative, or include these effects only in sensitivity analysis."
I0604,High,Confirmed,Author raw-data reconciliation,abramova_2020_genpath,es162,163,ex_sd,28.588,28.935591,"The experimental mean and n identify the US male sucrose-index row, but the stored SD differs from the author-data descriptive statistic.",included_studies/abramova_2020_genpath/abramova2020_descriptives.xlsx,tidy_all row 150; sheet=sucrose; group_code=US; sex=m; variable=Индекс,Replace ex_sd with the source descriptive SD and recalculate ex_se.
I0610,High,Confirmed,Identifier integrity,abramova_2023_biopsy,es169,170,c_a_id,KON_m_,ID containing _f_,Sex token in arm ID conflicts with offspring_sex and the matched source row.,included_studies/abramova_2023_biopsy/abramova_2023_biopsy_data_calculations.xlsx,Table1_Extract row 7,Rebuild the arm and comparison IDs from the corrected sex/group labels.
I0611,High,Confirmed,Identifier integrity,abramova_2023_biopsy,es169,170,ex_a_id,PS_m_,ID containing _f_,Sex token in arm ID conflicts with offspring_sex and the matched source row.,included_studies/abramova_2023_biopsy/abramova_2023_biopsy_data_calculations.xlsx,Table1_Extract row 7,Rebuild the arm and comparison IDs from the corrected sex/group labels.
I0612,High,Confirmed,Identifier integrity,abramova_2023_biopsy,es169,170,comparison,KON_PS_m_,ID containing _f_,Sex token in arm ID conflicts with offspring_sex and the matched source row.,included_studies/abramova_2023_biopsy/abramova_2023_biopsy_data_calculations.xlsx,Table1_Extract row 7,Rebuild the arm and comparison IDs from the corrected sex/group labels.
I0614,High,Confirmed,Identifier integrity,abramova_2023_biopsy,es170,171,c_a_id,KON_f_,ID containing _m_,Sex token in arm ID conflicts with offspring_sex and the matched source row.,included_studies/abramova_2023_biopsy/abramova_2023_biopsy_data_calculations.xlsx,Table1_Extract row 8,Rebuild the arm and comparison IDs from the corrected sex/group labels.
I0615,High,Confirmed,Identifier integrity,abramova_2023_biopsy,es170,171,ex_a_id,PS_f_,ID containing _m_,Sex token in arm ID conflicts with offspring_sex and the matched source row.,included_studies/abramova_2023_biopsy/abramova_2023_biopsy_data_calculations.xlsx,Table1_Extract row 8,Rebuild the arm and comparison IDs from the corrected sex/group labels.
I0616,High,Confirmed,Identifier integrity,abramova_2023_biopsy,es170,171,comparison,KON_PS_f_,ID containing _m_,Sex token in arm ID conflicts with offspring_sex and the matched source row.,included_studies/abramova_2023_biopsy/abramova_2023_biopsy_data_calculations.xlsx,Table1_Extract row 8,Rebuild the arm and comparison IDs from the corrected sex/group labels.
I0618,High,Confirmed,Identifier integrity,abramova_2023_biopsy,es171,172,c_a_id,KON_m_,ID containing _f_,Sex token in arm ID conflicts with offspring_sex and the matched source row.,included_studies/abramova_2023_biopsy/abramova_2023_biopsy_data_calculations.xlsx,Table1_Extract row 9,Rebuild the arm and comparison IDs from the corrected sex/group labels.
I0619,High,Confirmed,Identifier integrity,abramova_2023_biopsy,es171,172,ex_a_id,PS_m_,ID containing _f_,Sex token in arm ID conflicts with offspring_sex and the matched source row.,included_studies/abramova_2023_biopsy/abramova_2023_biopsy_data_calculations.xlsx,Table1_Extract row 9,Rebuild the arm and comparison IDs from the corrected sex/group labels.
I0620,High,Confirmed,Identifier integrity,abramova_2023_biopsy,es171,172,comparison,KON_PS_m_,ID containing _f_,Sex token in arm ID conflicts with offspring_sex and the matched source row.,included_studies/abramova_2023_biopsy/abramova_2023_biopsy_data_calculations.xlsx,Table1_Extract row 9,Rebuild the arm and comparison IDs from the corrected sex/group labels.
I0622,High,Confirmed,Identifier integrity,abramova_2023_biopsy,es172,173,c_a_id,KON_f_,ID containing _m_,Sex token in arm ID conflicts with offspring_sex and the matched source row.,included_studies/abramova_2023_biopsy/abramova_2023_biopsy_data_calculations.xlsx,Table1_Extract row 10,Rebuild the arm and comparison IDs from the corrected sex/group labels.
I0623,High,Confirmed,Identifier integrity,abramova_2023_biopsy,es172,173,ex_a_id,PS_f_,ID containing _m_,Sex token in arm ID conflicts with offspring_sex and the matched source row.,included_studies/abramova_2023_biopsy/abramova_2023_biopsy_data_calculations.xlsx,Table1_Extract row 10,Rebuild the arm and comparison IDs from the corrected sex/group labels.
I0624,High,Confirmed,Identifier integrity,abramova_2023_biopsy,es172,173,comparison,KON_PS_f_,ID containing _m_,Sex token in arm ID conflicts with offspring_sex and the matched source row.,included_studies/abramova_2023_biopsy/abramova_2023_biopsy_data_calculations.xlsx,Table1_Extract row 10,Rebuild the arm and comparison IDs from the corrected sex/group labels.
I0626,High,Confirmed,Identifier integrity,abramova_2023_biopsy,es173,174,c_a_id,KON_m_,ID containing _f_,Sex token in arm ID conflicts with offspring_sex and the matched source row.,included_studies/abramova_2023_biopsy/abramova_2023_biopsy_data_calculations.xlsx,Table1_Extract row 11,Rebuild the arm and comparison IDs from the corrected sex/group labels.
I0627,High,Confirmed,Identifier integrity,abramova_2023_biopsy,es173,174,ex_a_id,PS_m_,ID containing _f_,Sex token in arm ID conflicts with offspring_sex and the matched source row.,included_studies/abramova_2023_biopsy/abramova_2023_biopsy_data_calculations.xlsx,Table1_Extract row 11,Rebuild the arm and comparison IDs from the corrected sex/group labels.
I0628,High,Confirmed,Identifier integrity,abramova_2023_biopsy,es173,174,comparison,KON_PS_m_,ID containing _f_,Sex token in arm ID conflicts with offspring_sex and the matched source row.,included_studies/abramova_2023_biopsy/abramova_2023_biopsy_data_calculations.xlsx,Table1_Extract row 11,Rebuild the arm and comparison IDs from the corrected sex/group labels.
I0630,High,Confirmed,Identifier integrity,abramova_2023_biopsy,es174,175,c_a_id,KON_f_,ID containing _m_,Sex token in arm ID conflicts with offspring_sex and the matched source row.,included_studies/abramova_2023_biopsy/abramova_2023_biopsy_data_calculations.xlsx,Table1_Extract row 12,Rebuild the arm and comparison IDs from the corrected sex/group labels.
I0631,High,Confirmed,Identifier integrity,abramova_2023_biopsy,es174,175,ex_a_id,PS_f_,ID containing _m_,Sex token in arm ID conflicts with offspring_sex and the matched source row.,included_studies/abramova_2023_biopsy/abramova_2023_biopsy_data_calculations.xlsx,Table1_Extract row 12,Rebuild the arm and comparison IDs from the corrected sex/group labels.
I0632,High,Confirmed,Identifier integrity,abramova_2023_biopsy,es174,175,comparison,KON_PS_f_,ID containing _m_,Sex token in arm ID conflicts with offspring_sex and the matched source row.,included_studies/abramova_2023_biopsy/abramova_2023_biopsy_data_calculations.xlsx,Table1_Extract row 12,Rebuild the arm and comparison IDs from the corrected sex/group labels.
I0634,High,Confirmed,Identifier integrity,abramova_2023_biopsy,es175,176,c_a_id,KON_m_,ID containing _f_,Sex token in arm ID conflicts with offspring_sex and the matched source row.,included_studies/abramova_2023_biopsy/abramova_2023_biopsy_data_calculations.xlsx,Table1_Extract row 13,Rebuild the arm and comparison IDs from the corrected sex/group labels.
I0635,High,Confirmed,Identifier integrity,abramova_2023_biopsy,es175,176,ex_a_id,PS_m_,ID containing _f_,Sex token in arm ID conflicts with offspring_sex and the matched source row.,included_studies/abramova_2023_biopsy/abramova_2023_biopsy_data_calculations.xlsx,Table1_Extract row 13,Rebuild the arm and comparison IDs from the corrected sex/group labels.
I0636,High,Confirmed,Identifier integrity,abramova_2023_biopsy,es175,176,comparison,KON_PS_m_,ID containing _f_,Sex token in arm ID conflicts with offspring_sex and the matched source row.,included_studies/abramova_2023_biopsy/abramova_2023_biopsy_data_calculations.xlsx,Table1_Extract row 13,Rebuild the arm and comparison IDs from the corrected sex/group labels.
I0638,High,Confirmed,Identifier integrity,abramova_2023_biopsy,es176,177,c_a_id,KON_f_,ID containing _m_,Sex token in arm ID conflicts with offspring_sex and the matched source row.,included_studies/abramova_2023_biopsy/abramova_2023_biopsy_data_calculations.xlsx,Table1_Extract row 14,Rebuild the arm and comparison IDs from the corrected sex/group labels.
I0639,High,Confirmed,Identifier integrity,abramova_2023_biopsy,es176,177,ex_a_id,PS_f_,ID containing _m_,Sex token in arm ID conflicts with offspring_sex and the matched source row.,included_studies/abramova_2023_biopsy/abramova_2023_biopsy_data_calculations.xlsx,Table1_Extract row 14,Rebuild the arm and comparison IDs from the corrected sex/group labels.
I0640,High,Confirmed,Identifier integrity,abramova_2023_biopsy,es176,177,comparison,KON_PS_f_,ID containing _m_,Sex token in arm ID conflicts with offspring_sex and the matched source row.,included_studies/abramova_2023_biopsy/abramova_2023_biopsy_data_calculations.xlsx,Table1_Extract row 14,Rebuild the arm and comparison IDs from the corrected sex/group labels.
I0641,High,Confirmed,Outcome metadata,abramova_2023_biopsy,es176,177,data_units,%,s,Unit conflicts with the Table 1 extraction.,included_studies/abramova_2023_biopsy/abramova_2023_biopsy_data_calculations.xlsx,Table1_Extract row 14; Metric=Mean grooming bout duration,Correct unit and data_type together.
I0642,High,Confirmed,Outcome metadata,abramova_2023_biopsy,es176,177,data_type,Percentage,Time,Data type conflicts with the unit and metric in the Table 1 extraction.,included_studies/abramova_2023_biopsy/abramova_2023_biopsy_data_calculations.xlsx,Table1_Extract row 14; Metric=Mean grooming bout duration,Correct data_type and data_units together.
I0644,High,Confirmed,Identifier integrity,abramova_2023_biopsy,es177,178,c_a_id,KON_m_,ID containing _f_,Sex token in arm ID conflicts with offspring_sex and the matched source row.,included_studies/abramova_2023_biopsy/abramova_2023_biopsy_data_calculations.xlsx,Table1_Extract row 15,Rebuild the arm and comparison IDs from the corrected sex/group labels.
I0645,High,Confirmed,Identifier integrity,abramova_2023_biopsy,es177,178,ex_a_id,PS_m_,ID containing _f_,Sex token in arm ID conflicts with offspring_sex and the matched source row.,included_studies/abramova_2023_biopsy/abramova_2023_biopsy_data_calculations.xlsx,Table1_Extract row 15,Rebuild the arm and comparison IDs from the corrected sex/group labels.
I0646,High,Confirmed,Identifier integrity,abramova_2023_biopsy,es177,178,comparison,KON_PS_m_,ID containing _f_,Sex token in arm ID conflicts with offspring_sex and the matched source row.,included_studies/abramova_2023_biopsy/abramova_2023_biopsy_data_calculations.xlsx,Table1_Extract row 15,Rebuild the arm and comparison IDs from the corrected sex/group labels.
I0647,High,Confirmed,Outcome metadata,abramova_2023_biopsy,es177,178,data_units,%,s,Unit conflicts with the Table 1 extraction.,included_studies/abramova_2023_biopsy/abramova_2023_biopsy_data_calculations.xlsx,Table1_Extract row 15; Metric=Mean grooming bout duration,Correct unit and data_type together.
I0648,High,Confirmed,Outcome metadata,abramova_2023_biopsy,es177,178,data_type,Percentage,Time,Data type conflicts with the unit and metric in the Table 1 extraction.,included_studies/abramova_2023_biopsy/abramova_2023_biopsy_data_calculations.xlsx,Table1_Extract row 15; Metric=Mean grooming bout duration,Correct data_type and data_units together.
I0650,High,Confirmed,Identifier integrity,abramova_2023_biopsy,es178,179,c_a_id,KON_f_,ID containing _m_,Sex token in arm ID conflicts with offspring_sex and the matched source row.,included_studies/abramova_2023_biopsy/abramova_2023_biopsy_data_calculations.xlsx,Table1_Extract row 16,Rebuild the arm and comparison IDs from the corrected sex/group labels.
I0651,High,Confirmed,Identifier integrity,abramova_2023_biopsy,es178,179,ex_a_id,PS_f_,ID containing _m_,Sex token in arm ID conflicts with offspring_sex and the matched source row.,included_studies/abramova_2023_biopsy/abramova_2023_biopsy_data_calculations.xlsx,Table1_Extract row 16,Rebuild the arm and comparison IDs from the corrected sex/group labels.
I0652,High,Confirmed,Identifier integrity,abramova_2023_biopsy,es178,179,comparison,KON_PS_f_,ID containing _m_,Sex token in arm ID conflicts with offspring_sex and the matched source row.,included_studies/abramova_2023_biopsy/abramova_2023_biopsy_data_calculations.xlsx,Table1_Extract row 16,Rebuild the arm and comparison IDs from the corrected sex/group labels.
I0654,High,Confirmed,Identifier integrity,abramova_2023_biopsy,es179,180,c_a_id,KON_m_,ID containing _f_,Sex token in arm ID conflicts with offspring_sex and the matched source row.,included_studies/abramova_2023_biopsy/abramova_2023_biopsy_data_calculations.xlsx,Table1_Extract row 17,Rebuild the arm and comparison IDs from the corrected sex/group labels.
I0655,High,Confirmed,Identifier integrity,abramova_2023_biopsy,es179,180,ex_a_id,PS_m_,ID containing _f_,Sex token in arm ID conflicts with offspring_sex and the matched source row.,included_studies/abramova_2023_biopsy/abramova_2023_biopsy_data_calculations.xlsx,Table1_Extract row 17,Rebuild the arm and comparison IDs from the corrected sex/group labels.
I0656,High,Confirmed,Identifier integrity,abramova_2023_biopsy,es179,180,comparison,KON_PS_m_,ID containing _f_,Sex token in arm ID conflicts with offspring_sex and the matched source row.,included_studies/abramova_2023_biopsy/abramova_2023_biopsy_data_calculations.xlsx,Table1_Extract row 17,Rebuild the arm and comparison IDs from the corrected sex/group labels.
I0658,High,Confirmed,Identifier integrity,abramova_2023_biopsy,es180,181,c_a_id,KON_f_,ID containing _m_,Sex token in arm ID conflicts with offspring_sex and the matched source row.,included_studies/abramova_2023_biopsy/abramova_2023_biopsy_data_calculations.xlsx,Table1_Extract row 18,Rebuild the arm and comparison IDs from the corrected sex/group labels.
I0659,High,Confirmed,Identifier integrity,abramova_2023_biopsy,es180,181,ex_a_id,PS_f_,ID containing _m_,Sex token in arm ID conflicts with offspring_sex and the matched source row.,included_studies/abramova_2023_biopsy/abramova_2023_biopsy_data_calculations.xlsx,Table1_Extract row 18,Rebuild the arm and comparison IDs from the corrected sex/group labels.
I0660,High,Confirmed,Identifier integrity,abramova_2023_biopsy,es180,181,comparison,KON_PS_f_,ID containing _m_,Sex token in arm ID conflicts with offspring_sex and the matched source row.,included_studies/abramova_2023_biopsy/abramova_2023_biopsy_data_calculations.xlsx,Table1_Extract row 18,Rebuild the arm and comparison IDs from the corrected sex/group labels.
I0662,High,Confirmed,Identifier integrity,abramova_2023_biopsy,es181,182,c_a_id,KON_m_,ID containing _f_,Sex token in arm ID conflicts with offspring_sex and the matched source row.,included_studies/abramova_2023_biopsy/abramova_2023_biopsy_data_calculations.xlsx,Table1_Extract row 19,Rebuild the arm and comparison IDs from the corrected sex/group labels.
I0663,High,Confirmed,Identifier integrity,abramova_2023_biopsy,es181,182,ex_a_id,PS_m_,ID containing _f_,Sex token in arm ID conflicts with offspring_sex and the matched source row.,included_studies/abramova_2023_biopsy/abramova_2023_biopsy_data_calculations.xlsx,Table1_Extract row 19,Rebuild the arm and comparison IDs from the corrected sex/group labels.
I0664,High,Confirmed,Identifier integrity,abramova_2023_biopsy,es181,182,comparison,KON_PS_m_,ID containing _f_,Sex token in arm ID conflicts with offspring_sex and the matched source row.,included_studies/abramova_2023_biopsy/abramova_2023_biopsy_data_calculations.xlsx,Table1_Extract row 19,Rebuild the arm and comparison IDs from the corrected sex/group labels.
I0666,High,Confirmed,Identifier integrity,abramova_2023_biopsy,es182,183,c_a_id,KON_f_,ID containing _m_,Sex token in arm ID conflicts with offspring_sex and the matched source row.,included_studies/abramova_2023_biopsy/abramova_2023_biopsy_data_calculations.xlsx,Table1_Extract row 20,Rebuild the arm and comparison IDs from the corrected sex/group labels.
I0667,High,Confirmed,Identifier integrity,abramova_2023_biopsy,es182,183,ex_a_id,PS_f_,ID containing _m_,Sex token in arm ID conflicts with offspring_sex and the matched source row.,included_studies/abramova_2023_biopsy/abramova_2023_biopsy_data_calculations.xlsx,Table1_Extract row 20,Rebuild the arm and comparison IDs from the corrected sex/group labels.
I0668,High,Confirmed,Identifier integrity,abramova_2023_biopsy,es182,183,comparison,KON_PS_f_,ID containing _m_,Sex token in arm ID conflicts with offspring_sex and the matched source row.,included_studies/abramova_2023_biopsy/abramova_2023_biopsy_data_calculations.xlsx,Table1_Extract row 20,Rebuild the arm and comparison IDs from the corrected sex/group labels.
I0670,High,Confirmed,Identifier integrity,abramova_2023_biopsy,es183,184,c_a_id,KON_m_,ID containing _f_,Sex token in arm ID conflicts with offspring_sex and the matched source row.,included_studies/abramova_2023_biopsy/abramova_2023_biopsy_data_calculations.xlsx,Table1_Extract row 21,Rebuild the arm and comparison IDs from the corrected sex/group labels.
I0671,High,Confirmed,Identifier integrity,abramova_2023_biopsy,es183,184,ex_a_id,PS_m_,ID containing _f_,Sex token in arm ID conflicts with offspring_sex and the matched source row.,included_studies/abramova_2023_biopsy/abramova_2023_biopsy_data_calculations.xlsx,Table1_Extract row 21,Rebuild the arm and comparison IDs from the corrected sex/group labels.
I0672,High,Confirmed,Identifier integrity,abramova_2023_biopsy,es183,184,comparison,KON_PS_m_,ID containing _f_,Sex token in arm ID conflicts with offspring_sex and the matched source row.,included_studies/abramova_2023_biopsy/abramova_2023_biopsy_data_calculations.xlsx,Table1_Extract row 21,Rebuild the arm and comparison IDs from the corrected sex/group labels.
I0674,High,Confirmed,Identifier integrity,abramova_2023_biopsy,es184,185,c_a_id,KON_f_,ID containing _m_,Sex token in arm ID conflicts with offspring_sex and the matched source row.,included_studies/abramova_2023_biopsy/abramova_2023_biopsy_data_calculations.xlsx,Table1_Extract row 22,Rebuild the arm and comparison IDs from the corrected sex/group labels.
I0675,High,Confirmed,Identifier integrity,abramova_2023_biopsy,es184,185,ex_a_id,PS_f_,ID containing _m_,Sex token in arm ID conflicts with offspring_sex and the matched source row.,included_studies/abramova_2023_biopsy/abramova_2023_biopsy_data_calculations.xlsx,Table1_Extract row 22,Rebuild the arm and comparison IDs from the corrected sex/group labels.
I0676,High,Confirmed,Identifier integrity,abramova_2023_biopsy,es184,185,comparison,KON_PS_f_,ID containing _m_,Sex token in arm ID conflicts with offspring_sex and the matched source row.,included_studies/abramova_2023_biopsy/abramova_2023_biopsy_data_calculations.xlsx,Table1_Extract row 22,Rebuild the arm and comparison IDs from the corrected sex/group labels.
I0678,High,Confirmed,Identifier integrity,abramova_2023_biopsy,es185,186,c_a_id,KON_m_,ID containing _f_,Sex token in arm ID conflicts with offspring_sex and the matched source row.,included_studies/abramova_2023_biopsy/abramova_2023_biopsy_data_calculations.xlsx,Table1_Extract row 23,Rebuild the arm and comparison IDs from the corrected sex/group labels.
I0679,High,Confirmed,Identifier integrity,abramova_2023_biopsy,es185,186,ex_a_id,PS_m_,ID containing _f_,Sex token in arm ID conflicts with offspring_sex and the matched source row.,included_studies/abramova_2023_biopsy/abramova_2023_biopsy_data_calculations.xlsx,Table1_Extract row 23,Rebuild the arm and comparison IDs from the corrected sex/group labels.
I0680,High,Confirmed,Identifier integrity,abramova_2023_biopsy,es185,186,comparison,KON_PS_m_,ID containing _f_,Sex token in arm ID conflicts with offspring_sex and the matched source row.,included_studies/abramova_2023_biopsy/abramova_2023_biopsy_data_calculations.xlsx,Table1_Extract row 23,Rebuild the arm and comparison IDs from the corrected sex/group labels.
I0682,High,Confirmed,Identifier integrity,abramova_2023_biopsy,es186,187,c_a_id,KON_f_,ID containing _m_,Sex token in arm ID conflicts with offspring_sex and the matched source row.,included_studies/abramova_2023_biopsy/abramova_2023_biopsy_data_calculations.xlsx,Table1_Extract row 24,Rebuild the arm and comparison IDs from the corrected sex/group labels.
I0683,High,Confirmed,Identifier integrity,abramova_2023_biopsy,es186,187,ex_a_id,PS_f_,ID containing _m_,Sex token in arm ID conflicts with offspring_sex and the matched source row.,included_studies/abramova_2023_biopsy/abramova_2023_biopsy_data_calculations.xlsx,Table1_Extract row 24,Rebuild the arm and comparison IDs from the corrected sex/group labels.
I0684,High,Confirmed,Identifier integrity,abramova_2023_biopsy,es186,187,comparison,KON_PS_f_,ID containing _m_,Sex token in arm ID conflicts with offspring_sex and the matched source row.,included_studies/abramova_2023_biopsy/abramova_2023_biopsy_data_calculations.xlsx,Table1_Extract row 24,Rebuild the arm and comparison IDs from the corrected sex/group labels.
I0686,High,Confirmed,Identifier integrity,abramova_2023_biopsy,es187,188,c_a_id,KON_m_,ID containing _f_,Sex token in arm ID conflicts with offspring_sex and the matched source row.,included_studies/abramova_2023_biopsy/abramova_2023_biopsy_data_calculations.xlsx,Table1_Extract row 25,Rebuild the arm and comparison IDs from the corrected sex/group labels.
I0687,High,Confirmed,Identifier integrity,abramova_2023_biopsy,es187,188,ex_a_id,PS_m_,ID containing _f_,Sex token in arm ID conflicts with offspring_sex and the matched source row.,included_studies/abramova_2023_biopsy/abramova_2023_biopsy_data_calculations.xlsx,Table1_Extract row 25,Rebuild the arm and comparison IDs from the corrected sex/group labels.
I0688,High,Confirmed,Identifier integrity,abramova_2023_biopsy,es187,188,comparison,KON_PS_m_,ID containing _f_,Sex token in arm ID conflicts with offspring_sex and the matched source row.,included_studies/abramova_2023_biopsy/abramova_2023_biopsy_data_calculations.xlsx,Table1_Extract row 25,Rebuild the arm and comparison IDs from the corrected sex/group labels.
I0690,High,Confirmed,Identifier integrity,abramova_2023_biopsy,es188,189,c_a_id,KON_f_,ID containing _m_,Sex token in arm ID conflicts with offspring_sex and the matched source row.,included_studies/abramova_2023_biopsy/abramova_2023_biopsy_data_calculations.xlsx,Table1_Extract row 26,Rebuild the arm and comparison IDs from the corrected sex/group labels.
I0691,High,Confirmed,Identifier integrity,abramova_2023_biopsy,es188,189,ex_a_id,PS_f_,ID containing _m_,Sex token in arm ID conflicts with offspring_sex and the matched source row.,included_studies/abramova_2023_biopsy/abramova_2023_biopsy_data_calculations.xlsx,Table1_Extract row 26,Rebuild the arm and comparison IDs from the corrected sex/group labels.
I0692,High,Confirmed,Identifier integrity,abramova_2023_biopsy,es188,189,comparison,KON_PS_f_,ID containing _m_,Sex token in arm ID conflicts with offspring_sex and the matched source row.,included_studies/abramova_2023_biopsy/abramova_2023_biopsy_data_calculations.xlsx,Table1_Extract row 26,Rebuild the arm and comparison IDs from the corrected sex/group labels.
I0694,High,Confirmed,Identifier integrity,abramova_2023_biopsy,es189,190,c_a_id,KON_m_,ID containing _f_,Sex token in arm ID conflicts with offspring_sex and the matched source row.,included_studies/abramova_2023_biopsy/abramova_2023_biopsy_data_calculations.xlsx,Table1_Extract row 27,Rebuild the arm and comparison IDs from the corrected sex/group labels.
I0695,High,Confirmed,Identifier integrity,abramova_2023_biopsy,es189,190,ex_a_id,PS_m_,ID containing _f_,Sex token in arm ID conflicts with offspring_sex and the matched source row.,included_studies/abramova_2023_biopsy/abramova_2023_biopsy_data_calculations.xlsx,Table1_Extract row 27,Rebuild the arm and comparison IDs from the corrected sex/group labels.
I0696,High,Confirmed,Identifier integrity,abramova_2023_biopsy,es189,190,comparison,KON_PS_m_,ID containing _f_,Sex token in arm ID conflicts with offspring_sex and the matched source row.,included_studies/abramova_2023_biopsy/abramova_2023_biopsy_data_calculations.xlsx,Table1_Extract row 27,Rebuild the arm and comparison IDs from the corrected sex/group labels.
I0698,High,Confirmed,Identifier integrity,abramova_2023_biopsy,es190,191,c_a_id,KON_f_,ID containing _m_,Sex token in arm ID conflicts with offspring_sex and the matched source row.,included_studies/abramova_2023_biopsy/abramova_2023_biopsy_data_calculations.xlsx,Table1_Extract row 28,Rebuild the arm and comparison IDs from the corrected sex/group labels.
I0699,High,Confirmed,Identifier integrity,abramova_2023_biopsy,es190,191,ex_a_id,PS_f_,ID containing _m_,Sex token in arm ID conflicts with offspring_sex and the matched source row.,included_studies/abramova_2023_biopsy/abramova_2023_biopsy_data_calculations.xlsx,Table1_Extract row 28,Rebuild the arm and comparison IDs from the corrected sex/group labels.
I0700,High,Confirmed,Identifier integrity,abramova_2023_biopsy,es190,191,comparison,KON_PS_f_,ID containing _m_,Sex token in arm ID conflicts with offspring_sex and the matched source row.,included_studies/abramova_2023_biopsy/abramova_2023_biopsy_data_calculations.xlsx,Table1_Extract row 28,Rebuild the arm and comparison IDs from the corrected sex/group labels.
I0702,High,Confirmed,Identifier integrity,abramova_2023_biopsy,es191,192,c_a_id,KON_m_,ID containing _f_,Sex token in arm ID conflicts with offspring_sex and the matched source row.,included_studies/abramova_2023_biopsy/abramova_2023_biopsy_data_calculations.xlsx,Table1_Extract row 29,Rebuild the arm and comparison IDs from the corrected sex/group labels.
I0703,High,Confirmed,Identifier integrity,abramova_2023_biopsy,es191,192,ex_a_id,PS_m_,ID containing _f_,Sex token in arm ID conflicts with offspring_sex and the matched source row.,included_studies/abramova_2023_biopsy/abramova_2023_biopsy_data_calculations.xlsx,Table1_Extract row 29,Rebuild the arm and comparison IDs from the corrected sex/group labels.
I0704,High,Confirmed,Identifier integrity,abramova_2023_biopsy,es191,192,comparison,KON_PS_m_,ID containing _f_,Sex token in arm ID conflicts with offspring_sex and the matched source row.,included_studies/abramova_2023_biopsy/abramova_2023_biopsy_data_calculations.xlsx,Table1_Extract row 29,Rebuild the arm and comparison IDs from the corrected sex/group labels.
I0706,High,Confirmed,Identifier integrity,abramova_2023_biopsy,es192,193,c_a_id,KON_f_,ID containing _m_,Sex token in arm ID conflicts with offspring_sex and the matched source row.,included_studies/abramova_2023_biopsy/abramova_2023_biopsy_data_calculations.xlsx,Table1_Extract row 30,Rebuild the arm and comparison IDs from the corrected sex/group labels.
I0707,High,Confirmed,Identifier integrity,abramova_2023_biopsy,es192,193,ex_a_id,PS_f_,ID containing _m_,Sex token in arm ID conflicts with offspring_sex and the matched source row.,included_studies/abramova_2023_biopsy/abramova_2023_biopsy_data_calculations.xlsx,Table1_Extract row 30,Rebuild the arm and comparison IDs from the corrected sex/group labels.
I0708,High,Confirmed,Identifier integrity,abramova_2023_biopsy,es192,193,comparison,KON_PS_f_,ID containing _m_,Sex token in arm ID conflicts with offspring_sex and the matched source row.,included_studies/abramova_2023_biopsy/abramova_2023_biopsy_data_calculations.xlsx,Table1_Extract row 30,Rebuild the arm and comparison IDs from the corrected sex/group labels.
I0710,High,Confirmed,Identifier integrity,abramova_2023_biopsy,es193,194,c_a_id,KON_m_,ID containing _f_,Sex token in arm ID conflicts with offspring_sex and the matched source row.,included_studies/abramova_2023_biopsy/abramova_2023_biopsy_data_calculations.xlsx,Table1_Extract row 31,Rebuild the arm and comparison IDs from the corrected sex/group labels.
I0711,High,Confirmed,Identifier integrity,abramova_2023_biopsy,es193,194,ex_a_id,PS_m_,ID containing _f_,Sex token in arm ID conflicts with offspring_sex and the matched source row.,included_studies/abramova_2023_biopsy/abramova_2023_biopsy_data_calculations.xlsx,Table1_Extract row 31,Rebuild the arm and comparison IDs from the corrected sex/group labels.
I0712,High,Confirmed,Identifier integrity,abramova_2023_biopsy,es193,194,comparison,KON_PS_m_,ID containing _f_,Sex token in arm ID conflicts with offspring_sex and the matched source row.,included_studies/abramova_2023_biopsy/abramova_2023_biopsy_data_calculations.xlsx,Table1_Extract row 31,Rebuild the arm and comparison IDs from the corrected sex/group labels.
I0714,High,Confirmed,Identifier integrity,abramova_2023_biopsy,es194,195,c_a_id,KON_f_,ID containing _m_,Sex token in arm ID conflicts with offspring_sex and the matched source row.,included_studies/abramova_2023_biopsy/abramova_2023_biopsy_data_calculations.xlsx,Table1_Extract row 32,Rebuild the arm and comparison IDs from the corrected sex/group labels.
I0715,High,Confirmed,Identifier integrity,abramova_2023_biopsy,es194,195,ex_a_id,PS_f_,ID containing _m_,Sex token in arm ID conflicts with offspring_sex and the matched source row.,included_studies/abramova_2023_biopsy/abramova_2023_biopsy_data_calculations.xlsx,Table1_Extract row 32,Rebuild the arm and comparison IDs from the corrected sex/group labels.
I0716,High,Confirmed,Identifier integrity,abramova_2023_biopsy,es194,195,comparison,KON_PS_f_,ID containing _m_,Sex token in arm ID conflicts with offspring_sex and the matched source row.,included_studies/abramova_2023_biopsy/abramova_2023_biopsy_data_calculations.xlsx,Table1_Extract row 32,Rebuild the arm and comparison IDs from the corrected sex/group labels.
I0718,High,Confirmed,Identifier integrity,abramova_2023_biopsy,es195,196,c_a_id,KON_m_,ID containing _f_,Sex token in arm ID conflicts with offspring_sex and the matched source row.,included_studies/abramova_2023_biopsy/abramova_2023_biopsy_data_calculations.xlsx,Table1_Extract row 33,Rebuild the arm and comparison IDs from the corrected sex/group labels.
I0719,High,Confirmed,Identifier integrity,abramova_2023_biopsy,es195,196,ex_a_id,PS_m_,ID containing _f_,Sex token in arm ID conflicts with offspring_sex and the matched source row.,included_studies/abramova_2023_biopsy/abramova_2023_biopsy_data_calculations.xlsx,Table1_Extract row 33,Rebuild the arm and comparison IDs from the corrected sex/group labels.
I0720,High,Confirmed,Identifier integrity,abramova_2023_biopsy,es195,196,comparison,KON_PS_m_,ID containing _f_,Sex token in arm ID conflicts with offspring_sex and the matched source row.,included_studies/abramova_2023_biopsy/abramova_2023_biopsy_data_calculations.xlsx,Table1_Extract row 33,Rebuild the arm and comparison IDs from the corrected sex/group labels.
I0722,High,Confirmed,Identifier integrity,abramova_2023_biopsy,es196,197,c_a_id,KON_f_,ID containing _m_,Sex token in arm ID conflicts with offspring_sex and the matched source row.,included_studies/abramova_2023_biopsy/abramova_2023_biopsy_data_calculations.xlsx,Table1_Extract row 34,Rebuild the arm and comparison IDs from the corrected sex/group labels.
I0723,High,Confirmed,Identifier integrity,abramova_2023_biopsy,es196,197,ex_a_id,PS_f_,ID containing _m_,Sex token in arm ID conflicts with offspring_sex and the matched source row.,included_studies/abramova_2023_biopsy/abramova_2023_biopsy_data_calculations.xlsx,Table1_Extract row 34,Rebuild the arm and comparison IDs from the corrected sex/group labels.
I0724,High,Confirmed,Identifier integrity,abramova_2023_biopsy,es196,197,comparison,KON_PS_f_,ID containing _m_,Sex token in arm ID conflicts with offspring_sex and the matched source row.,included_studies/abramova_2023_biopsy/abramova_2023_biopsy_data_calculations.xlsx,Table1_Extract row 34,Rebuild the arm and comparison IDs from the corrected sex/group labels.
I0725,High,Confirmed,Outcome metadata,abramova_2023_biopsy,es196,197,data_units,%,s,Unit conflicts with the Table 1 extraction.,included_studies/abramova_2023_biopsy/abramova_2023_biopsy_data_calculations.xlsx,Table1_Extract row 34; Metric=Mean grooming bout duration,Correct unit and data_type together.
I0726,High,Confirmed,Outcome metadata,abramova_2023_biopsy,es196,197,data_type,Percentage,Time,Data type conflicts with the unit and metric in the Table 1 extraction.,included_studies/abramova_2023_biopsy/abramova_2023_biopsy_data_calculations.xlsx,Table1_Extract row 34; Metric=Mean grooming bout duration,Correct data_type and data_units together.
I0728,High,Confirmed,Identifier integrity,abramova_2023_biopsy,es197,198,c_a_id,KON_m_,ID containing _f_,Sex token in arm ID conflicts with offspring_sex and the matched source row.,included_studies/abramova_2023_biopsy/abramova_2023_biopsy_data_calculations.xlsx,Table1_Extract row 35,Rebuild the arm and comparison IDs from the corrected sex/group labels.
I0729,High,Confirmed,Identifier integrity,abramova_2023_biopsy,es197,198,ex_a_id,PS_m_,ID containing _f_,Sex token in arm ID conflicts with offspring_sex and the matched source row.,included_studies/abramova_2023_biopsy/abramova_2023_biopsy_data_calculations.xlsx,Table1_Extract row 35,Rebuild the arm and comparison IDs from the corrected sex/group labels.
I0730,High,Confirmed,Identifier integrity,abramova_2023_biopsy,es197,198,comparison,KON_PS_m_,ID containing _f_,Sex token in arm ID conflicts with offspring_sex and the matched source row.,included_studies/abramova_2023_biopsy/abramova_2023_biopsy_data_calculations.xlsx,Table1_Extract row 35,Rebuild the arm and comparison IDs from the corrected sex/group labels.
I0731,High,Confirmed,Outcome metadata,abramova_2023_biopsy,es197,198,data_units,%,s,Unit conflicts with the Table 1 extraction.,included_studies/abramova_2023_biopsy/abramova_2023_biopsy_data_calculations.xlsx,Table1_Extract row 35; Metric=Mean grooming bout duration,Correct unit and data_type together.
I0732,High,Confirmed,Outcome metadata,abramova_2023_biopsy,es197,198,data_type,Percentage,Time,Data type conflicts with the unit and metric in the Table 1 extraction.,included_studies/abramova_2023_biopsy/abramova_2023_biopsy_data_calculations.xlsx,Table1_Extract row 35; Metric=Mean grooming bout duration,Correct data_type and data_units together.
I0734,High,Confirmed,Identifier integrity,abramova_2023_biopsy,es198,199,c_a_id,KON_f_,ID containing _m_,Sex token in arm ID conflicts with offspring_sex and the matched source row.,included_studies/abramova_2023_biopsy/abramova_2023_biopsy_data_calculations.xlsx,Table1_Extract row 36,Rebuild the arm and comparison IDs from the corrected sex/group labels.
I0735,High,Confirmed,Identifier integrity,abramova_2023_biopsy,es198,199,ex_a_id,PS_f_,ID containing _m_,Sex token in arm ID conflicts with offspring_sex and the matched source row.,included_studies/abramova_2023_biopsy/abramova_2023_biopsy_data_calculations.xlsx,Table1_Extract row 36,Rebuild the arm and comparison IDs from the corrected sex/group labels.
I0736,High,Confirmed,Identifier integrity,abramova_2023_biopsy,es198,199,comparison,KON_PS_f_,ID containing _m_,Sex token in arm ID conflicts with offspring_sex and the matched source row.,included_studies/abramova_2023_biopsy/abramova_2023_biopsy_data_calculations.xlsx,Table1_Extract row 36,Rebuild the arm and comparison IDs from the corrected sex/group labels.
I0738,High,Confirmed,Identifier integrity,abramova_2023_biopsy,es199,200,c_a_id,KON_m_,ID containing _f_,Sex token in arm ID conflicts with offspring_sex and the matched source row.,included_studies/abramova_2023_biopsy/abramova_2023_biopsy_data_calculations.xlsx,Table1_Extract row 37,Rebuild the arm and comparison IDs from the corrected sex/group labels.
I0739,High,Confirmed,Identifier integrity,abramova_2023_biopsy,es199,200,ex_a_id,PS_m_,ID containing _f_,Sex token in arm ID conflicts with offspring_sex and the matched source row.,included_studies/abramova_2023_biopsy/abramova_2023_biopsy_data_calculations.xlsx,Table1_Extract row 37,Rebuild the arm and comparison IDs from the corrected sex/group labels.
I0740,High,Confirmed,Identifier integrity,abramova_2023_biopsy,es199,200,comparison,KON_PS_m_,ID containing _f_,Sex token in arm ID conflicts with offspring_sex and the matched source row.,included_studies/abramova_2023_biopsy/abramova_2023_biopsy_data_calculations.xlsx,Table1_Extract row 37,Rebuild the arm and comparison IDs from the corrected sex/group labels.
I0742,High,Confirmed,Identifier integrity,abramova_2023_biopsy,es200,201,c_a_id,KON_f_,ID containing _m_,Sex token in arm ID conflicts with offspring_sex and the matched source row.,included_studies/abramova_2023_biopsy/abramova_2023_biopsy_data_calculations.xlsx,Table1_Extract row 38,Rebuild the arm and comparison IDs from the corrected sex/group labels.
I0743,High,Confirmed,Identifier integrity,abramova_2023_biopsy,es200,201,ex_a_id,PS_f_,ID containing _m_,Sex token in arm ID conflicts with offspring_sex and the matched source row.,included_studies/abramova_2023_biopsy/abramova_2023_biopsy_data_calculations.xlsx,Table1_Extract row 38,Rebuild the arm and comparison IDs from the corrected sex/group labels.
I0744,High,Confirmed,Identifier integrity,abramova_2023_biopsy,es200,201,comparison,KON_PS_f_,ID containing _m_,Sex token in arm ID conflicts with offspring_sex and the matched source row.,included_studies/abramova_2023_biopsy/abramova_2023_biopsy_data_calculations.xlsx,Table1_Extract row 38,Rebuild the arm and comparison IDs from the corrected sex/group labels.
I0746,High,Confirmed,Identifier integrity,abramova_2023_biopsy,es201,202,c_a_id,KON_m_,ID containing _f_,Sex token in arm ID conflicts with offspring_sex and the matched source row.,included_studies/abramova_2023_biopsy/abramova_2023_biopsy_data_calculations.xlsx,Table1_Extract row 39,Rebuild the arm and comparison IDs from the corrected sex/group labels.
I0747,High,Confirmed,Identifier integrity,abramova_2023_biopsy,es201,202,ex_a_id,PS_m_,ID containing _f_,Sex token in arm ID conflicts with offspring_sex and the matched source row.,included_studies/abramova_2023_biopsy/abramova_2023_biopsy_data_calculations.xlsx,Table1_Extract row 39,Rebuild the arm and comparison IDs from the corrected sex/group labels.
I0748,High,Confirmed,Identifier integrity,abramova_2023_biopsy,es201,202,comparison,KON_PS_m_,ID containing _f_,Sex token in arm ID conflicts with offspring_sex and the matched source row.,included_studies/abramova_2023_biopsy/abramova_2023_biopsy_data_calculations.xlsx,Table1_Extract row 39,Rebuild the arm and comparison IDs from the corrected sex/group labels.
I0750,High,Confirmed,Identifier integrity,abramova_2023_biopsy,es202,203,c_a_id,KON_f_,ID containing _m_,Sex token in arm ID conflicts with offspring_sex and the matched source row.,included_studies/abramova_2023_biopsy/abramova_2023_biopsy_data_calculations.xlsx,Table1_Extract row 40,Rebuild the arm and comparison IDs from the corrected sex/group labels.
I0751,High,Confirmed,Identifier integrity,abramova_2023_biopsy,es202,203,ex_a_id,PS_f_,ID containing _m_,Sex token in arm ID conflicts with offspring_sex and the matched source row.,included_studies/abramova_2023_biopsy/abramova_2023_biopsy_data_calculations.xlsx,Table1_Extract row 40,Rebuild the arm and comparison IDs from the corrected sex/group labels.
I0752,High,Confirmed,Identifier integrity,abramova_2023_biopsy,es202,203,comparison,KON_PS_f_,ID containing _m_,Sex token in arm ID conflicts with offspring_sex and the matched source row.,included_studies/abramova_2023_biopsy/abramova_2023_biopsy_data_calculations.xlsx,Table1_Extract row 40,Rebuild the arm and comparison IDs from the corrected sex/group labels.
I0754,High,Confirmed,Identifier integrity,abramova_2023_biopsy,es203,204,c_a_id,KON_m_,ID containing _f_,Sex token in arm ID conflicts with offspring_sex and the matched source row.,included_studies/abramova_2023_biopsy/abramova_2023_biopsy_data_calculations.xlsx,Table1_Extract row 41,Rebuild the arm and comparison IDs from the corrected sex/group labels.
I0755,High,Confirmed,Identifier integrity,abramova_2023_biopsy,es203,204,ex_a_id,PS_m_,ID containing _f_,Sex token in arm ID conflicts with offspring_sex and the matched source row.,included_studies/abramova_2023_biopsy/abramova_2023_biopsy_data_calculations.xlsx,Table1_Extract row 41,Rebuild the arm and comparison IDs from the corrected sex/group labels.
I0756,High,Confirmed,Identifier integrity,abramova_2023_biopsy,es203,204,comparison,KON_PS_m_,ID containing _f_,Sex token in arm ID conflicts with offspring_sex and the matched source row.,included_studies/abramova_2023_biopsy/abramova_2023_biopsy_data_calculations.xlsx,Table1_Extract row 41,Rebuild the arm and comparison IDs from the corrected sex/group labels.
I0758,High,Confirmed,Identifier integrity,abramova_2023_biopsy,es204,205,c_a_id,KON_f_,ID containing _m_,Sex token in arm ID conflicts with offspring_sex and the matched source row.,included_studies/abramova_2023_biopsy/abramova_2023_biopsy_data_calculations.xlsx,Table1_Extract row 42,Rebuild the arm and comparison IDs from the corrected sex/group labels.
I0759,High,Confirmed,Identifier integrity,abramova_2023_biopsy,es204,205,ex_a_id,PS_f_,ID containing _m_,Sex token in arm ID conflicts with offspring_sex and the matched source row.,included_studies/abramova_2023_biopsy/abramova_2023_biopsy_data_calculations.xlsx,Table1_Extract row 42,Rebuild the arm and comparison IDs from the corrected sex/group labels.
I0760,High,Confirmed,Identifier integrity,abramova_2023_biopsy,es204,205,comparison,KON_PS_f_,ID containing _m_,Sex token in arm ID conflicts with offspring_sex and the matched source row.,included_studies/abramova_2023_biopsy/abramova_2023_biopsy_data_calculations.xlsx,Table1_Extract row 42,Rebuild the arm and comparison IDs from the corrected sex/group labels.
I0762,High,Confirmed,Identifier integrity,abramova_2023_biopsy,es205,206,c_a_id,KON_m_,ID containing _f_,Sex token in arm ID conflicts with offspring_sex and the matched source row.,included_studies/abramova_2023_biopsy/abramova_2023_biopsy_data_calculations.xlsx,Table1_Extract row 43,Rebuild the arm and comparison IDs from the corrected sex/group labels.
I0763,High,Confirmed,Identifier integrity,abramova_2023_biopsy,es205,206,ex_a_id,PS_m_,ID containing _f_,Sex token in arm ID conflicts with offspring_sex and the matched source row.,included_studies/abramova_2023_biopsy/abramova_2023_biopsy_data_calculations.xlsx,Table1_Extract row 43,Rebuild the arm and comparison IDs from the corrected sex/group labels.
I0764,High,Confirmed,Identifier integrity,abramova_2023_biopsy,es205,206,comparison,KON_PS_m_,ID containing _f_,Sex token in arm ID conflicts with offspring_sex and the matched source row.,included_studies/abramova_2023_biopsy/abramova_2023_biopsy_data_calculations.xlsx,Table1_Extract row 43,Rebuild the arm and comparison IDs from the corrected sex/group labels.
I0766,High,Confirmed,Identifier integrity,abramova_2023_biopsy,es206,207,c_a_id,KON_f_,ID containing _m_,Sex token in arm ID conflicts with offspring_sex and the matched source row.,included_studies/abramova_2023_biopsy/abramova_2023_biopsy_data_calculations.xlsx,Table1_Extract row 44,Rebuild the arm and comparison IDs from the corrected sex/group labels.
I0767,High,Confirmed,Identifier integrity,abramova_2023_biopsy,es206,207,ex_a_id,PS_f_,ID containing _m_,Sex token in arm ID conflicts with offspring_sex and the matched source row.,included_studies/abramova_2023_biopsy/abramova_2023_biopsy_data_calculations.xlsx,Table1_Extract row 44,Rebuild the arm and comparison IDs from the corrected sex/group labels.
I0768,High,Confirmed,Identifier integrity,abramova_2023_biopsy,es206,207,comparison,KON_PS_f_,ID containing _m_,Sex token in arm ID conflicts with offspring_sex and the matched source row.,included_studies/abramova_2023_biopsy/abramova_2023_biopsy_data_calculations.xlsx,Table1_Extract row 44,Rebuild the arm and comparison IDs from the corrected sex/group labels.
I0770,High,Confirmed,Identifier integrity,abramova_2023_biopsy,es207,208,c_a_id,KON_m_,ID containing _f_,Sex token in arm ID conflicts with offspring_sex and the matched source row.,included_studies/abramova_2023_biopsy/abramova_2023_biopsy_data_calculations.xlsx,Table1_Extract row 45,Rebuild the arm and comparison IDs from the corrected sex/group labels.
I0771,High,Confirmed,Identifier integrity,abramova_2023_biopsy,es207,208,ex_a_id,PS_m_,ID containing _f_,Sex token in arm ID conflicts with offspring_sex and the matched source row.,included_studies/abramova_2023_biopsy/abramova_2023_biopsy_data_calculations.xlsx,Table1_Extract row 45,Rebuild the arm and comparison IDs from the corrected sex/group labels.
I0772,High,Confirmed,Identifier integrity,abramova_2023_biopsy,es207,208,comparison,KON_PS_m_,ID containing _f_,Sex token in arm ID conflicts with offspring_sex and the matched source row.,included_studies/abramova_2023_biopsy/abramova_2023_biopsy_data_calculations.xlsx,Table1_Extract row 45,Rebuild the arm and comparison IDs from the corrected sex/group labels.
I0774,High,Confirmed,Exposure metadata,arjunan_2023_stress,es013,14,noise_type,Ultrasound,White noise / broadband audible noise,Methods specify a white-noise generator emitting 0-20 kHz; this is not ultrasound-only exposure.,included_studies/arjunan_2023_stress.pdf,"PDF page 8, section 4.3 Noise Exposure",Correct the exposure category and re-evaluate any derived acoustic-band moderator.
I0775,High,Confirmed,Exposure metadata,arjunan_2023_stress,es013,14,frequency_Hz,"0-2,000","0-20,000",Methods report all frequencies in the 0-20 kHz range; the extraction is missing one zero in the upper bound.,included_studies/arjunan_2023_stress.pdf,"PDF page 8, section 4.3 Noise Exposure",Correct the frequency range before acoustic-band derivation.
I0776,High,Confirmed,Exposure metadata,arjunan_2023_stress,es014,15,noise_type,Ultrasound,White noise / broadband audible noise,Methods specify a white-noise generator emitting 0-20 kHz; this is not ultrasound-only exposure.,included_studies/arjunan_2023_stress.pdf,"PDF page 8, section 4.3 Noise Exposure",Correct the exposure category and re-evaluate any derived acoustic-band moderator.
I0777,High,Confirmed,Exposure metadata,arjunan_2023_stress,es014,15,frequency_Hz,"0-2,000","0-20,000",Methods report all frequencies in the 0-20 kHz range; the extraction is missing one zero in the upper bound.,included_studies/arjunan_2023_stress.pdf,"PDF page 8, section 4.3 Noise Exposure",Correct the frequency range before acoustic-band derivation.
I0778,High,Confirmed,Exposure metadata,arjunan_2023_stress,es015,16,noise_type,Ultrasound,White noise / broadband audible noise,Methods specify a white-noise generator emitting 0-20 kHz; this is not ultrasound-only exposure.,included_studies/arjunan_2023_stress.pdf,"PDF page 8, section 4.3 Noise Exposure",Correct the exposure category and re-evaluate any derived acoustic-band moderator.
I0779,High,Confirmed,Exposure metadata,arjunan_2023_stress,es015,16,frequency_Hz,"0-2,000","0-20,000",Methods report all frequencies in the 0-20 kHz range; the extraction is missing one zero in the upper bound.,included_studies/arjunan_2023_stress.pdf,"PDF page 8, section 4.3 Noise Exposure",Correct the frequency range before acoustic-band derivation.
I0780,High,Confirmed,Exposure metadata,arjunan_2023_stress,es016,17,noise_type,Ultrasound,White noise / broadband audible noise,Methods specify a white-noise generator emitting 0-20 kHz; this is not ultrasound-only exposure.,included_studies/arjunan_2023_stress.pdf,"PDF page 8, section 4.3 Noise Exposure",Correct the exposure category and re-evaluate any derived acoustic-band moderator.
I0781,High,Confirmed,Exposure metadata,arjunan_2023_stress,es016,17,frequency_Hz,"0-2,000","0-20,000",Methods report all frequencies in the 0-20 kHz range; the extraction is missing one zero in the upper bound.,included_studies/arjunan_2023_stress.pdf,"PDF page 8, section 4.3 Noise Exposure",Correct the frequency range before acoustic-band derivation.
I0782,High,Confirmed,Exposure metadata,arjunan_2023_stress,es017,18,noise_type,Ultrasound,White noise / broadband audible noise,Methods specify a white-noise generator emitting 0-20 kHz; this is not ultrasound-only exposure.,included_studies/arjunan_2023_stress.pdf,"PDF page 8, section 4.3 Noise Exposure",Correct the exposure category and re-evaluate any derived acoustic-band moderator.
I0783,High,Confirmed,Exposure metadata,arjunan_2023_stress,es017,18,frequency_Hz,"0-2,000","0-20,000",Methods report all frequencies in the 0-20 kHz range; the extraction is missing one zero in the upper bound.,included_studies/arjunan_2023_stress.pdf,"PDF page 8, section 4.3 Noise Exposure",Correct the frequency range before acoustic-band derivation.
I0784,High,Confirmed,Exposure metadata,arjunan_2023_stress,es018,19,noise_type,Ultrasound,White noise / broadband audible noise,Methods specify a white-noise generator emitting 0-20 kHz; this is not ultrasound-only exposure.,included_studies/arjunan_2023_stress.pdf,"PDF page 8, section 4.3 Noise Exposure",Correct the exposure category and re-evaluate any derived acoustic-band moderator.
I0785,High,Confirmed,Exposure metadata,arjunan_2023_stress,es018,19,frequency_Hz,"0-2,000","0-20,000",Methods report all frequencies in the 0-20 kHz range; the extraction is missing one zero in the upper bound.,included_studies/arjunan_2023_stress.pdf,"PDF page 8, section 4.3 Noise Exposure",Correct the frequency range before acoustic-band derivation.
I0786,High,Confirmed,Exposure metadata,uygur_2010_aphyhun,es001,2,exposure_session_duration_h,0.66,0.75,Methods report 45 min/day; 45/60 = 0.75 h.,included_studies/uygur_2010_aphyhun.pdf,"PDF page 3, Stress procedures",Correct the daily exposure duration.
I0787,High,Confirmed,Sample size,uygur_2010_aphyhun,es001,2,c_n; ex_n,9; 10,10; 9,Table II labels CON n=10 and PSN n=9; the means/SEs in this row correspond to CON and PSN respectively.,included_studies/uygur_2010_aphyhun.pdf,"PDF page 5, Table II",Swap the control and experimental sample sizes; retain the arm means and SEs.
I0788,High,Confirmed,Exposure metadata,uygur_2010_aphyhun,es002,3,exposure_session_duration_h,0.66,0.75,Methods report 45 min/day; 45/60 = 0.75 h.,included_studies/uygur_2010_aphyhun.pdf,"PDF page 3, Stress procedures",Correct the daily exposure duration.
I0789,High,Confirmed,Sample size,uygur_2010_aphyhun,es002,3,c_n; ex_n,9; 10,10; 9,Table II labels CON n=10 and PSN n=9; the means/SEs in this row correspond to CON and PSN respectively.,included_studies/uygur_2010_aphyhun.pdf,"PDF page 5, Table II",Swap the control and experimental sample sizes; retain the arm means and SEs.
I0790,High,Confirmed,Exposure metadata,uygur_2010_aphyhun,es003,4,exposure_session_duration_h,0.66,0.75,Methods report 45 min/day; 45/60 = 0.75 h.,included_studies/uygur_2010_aphyhun.pdf,"PDF page 3, Stress procedures",Correct the daily exposure duration.
I0791,High,Confirmed,Sample size,uygur_2010_aphyhun,es003,4,c_n; ex_n,9; 10,10; 9,Table II labels CON n=10 and PSN n=9; the means/SEs in this row correspond to CON and PSN respectively.,included_studies/uygur_2010_aphyhun.pdf,"PDF page 5, Table II",Swap the control and experimental sample sizes; retain the arm means and SEs.
I0792,High,Confirmed,Outcome metadata,uygur_2011_ankarauniv,es068,69,data_type; data_units,Count; Count,Time; s,"Methods state that total time spent immobile, swimming, jumping, and diving was calculated for the test period.",included_studies/uygur_2011_ankarauniv.pdf,"PDF page 3, Forced swimming test; PDF page 4, Table 2",Correct both data type and unit before outcome harmonization.
I0793,High,Confirmed,Outcome metadata,uygur_2011_ankarauniv,es069,70,data_type; data_units,Count; Count,Time; s,"Methods state that total time spent immobile, swimming, jumping, and diving was calculated for the test period.",included_studies/uygur_2011_ankarauniv.pdf,"PDF page 3, Forced swimming test; PDF page 4, Table 2",Correct both data type and unit before outcome harmonization.
I0794,High,Confirmed,Outcome metadata,uygur_2011_ankarauniv,es070,71,data_type; data_units,Count; Count,Time; s,"Methods state that total time spent immobile, swimming, jumping, and diving was calculated for the test period.",included_studies/uygur_2011_ankarauniv.pdf,"PDF page 3, Forced swimming test; PDF page 4, Table 2",Correct both data type and unit before outcome harmonization.
I0795,High,Confirmed,Outcome metadata,uygur_2011_ankarauniv,es071,72,data_type; data_units,Count; Count,Time; s,"Methods state that total time spent immobile, swimming, jumping, and diving was calculated for the test period.",included_studies/uygur_2011_ankarauniv.pdf,"PDF page 3, Forced swimming test; PDF page 4, Table 2",Correct both data type and unit before outcome harmonization.
I0796,High,Confirmed,Source traceability,abramova_2024_devneur,es033,34,data_file,abramova_2024_devneur_fig3b,abramova_2024_devneur_fig3c,The current screenshot stem points to the other Figure 3 panel; the MetaDigitise file and group labels identify the correct panel.,Metadigitise_figs/metaDigitise_output.csv,filename=abramova_2024_devneur_fig3c.png,Correct the screenshot filename without changing the already matching extracted statistics.
I0797,High,Confirmed,Source traceability,abramova_2024_devneur,es034,35,data_file,abramova_2024_devneur_fig3b,abramova_2024_devneur_fig3c,The current screenshot stem points to the other Figure 3 panel; the MetaDigitise file and group labels identify the correct panel.,Metadigitise_figs/metaDigitise_output.csv,filename=abramova_2024_devneur_fig3c.png,Correct the screenshot filename without changing the already matching extracted statistics.
I0798,High,Confirmed,Source traceability,abramova_2024_devneur,es035,36,data_file,abramova_2024_devneur_fig3c,abramova_2024_devneur_fig3b,The current screenshot stem points to the other Figure 3 panel; the MetaDigitise file and group labels identify the correct panel.,Metadigitise_figs/metaDigitise_output.csv,filename=abramova_2024_devneur_fig3b.png,Correct the screenshot filename without changing the already matching extracted statistics.
I0799,High,Confirmed,Source traceability,abramova_2024_devneur,es036,37,data_file,abramova_2024_devneur_fig3c,abramova_2024_devneur_fig3b,The current screenshot stem points to the other Figure 3 panel; the MetaDigitise file and group labels identify the correct panel.,Metadigitise_figs/metaDigitise_output.csv,filename=abramova_2024_devneur_fig3b.png,Correct the screenshot filename without changing the already matching extracted statistics.
I0837,High,Review,Source availability,abramova_2024_devneur,es045,46,data_file,blank,saved author-supplied file/email attachment with a stable filename,"The numerical source is described as an author email, but no supporting file is present in the study folder.",included_studies/,workspace inventory,Add the author-supplied source file (or a dated correspondence note) before treating the values as independently verified.
I0838,High,Review,Source availability,abramova_2024_devneur,es046,47,data_file,blank,saved author-supplied file/email attachment with a stable filename,"The numerical source is described as an author email, but no supporting file is present in the study folder.",included_studies/,workspace inventory,Add the author-supplied source file (or a dated correspondence note) before treating the values as independently verified.
