filename,variable,group_id,mean,sd,n,r,se,error_type,plot_type
abramova_2021_front_f2a.png,Total squared crossed,C_f_sq,37.41058655,19.99068194,25,NA,3.998136388,sd,boxplot
abramova_2021_front_f2a.png,Total squared crossed,PS_f_sq,24.83905579,10.75155429,19,NA,2.466575719,sd,boxplot
abramova_2021_front_f2a.png,Total squared crossed,C_m_sq,32.67167382,16.9878891,23,NA,3.542219741,sd,boxplot
abramova_2021_front_f2a.png,Total squared crossed,PS_m_sq,21.42346209,11.84514551,18,NA,2.791927572,sd,boxplot
abramova_2021_front_f2b.png,Rearing freq,C_f_re,9.875549048,6.403050888,29,NA,1.1890167,sd,boxplot
abramova_2021_front_f2b.png,Rearing freq,C_m_re,7.942898975,4.625994268,30,NA,0.844587137,sd,boxplot
abramova_2021_front_f2b.png,Rearing freq,PS_f_re,7.218155198,4.811100518,29,NA,0.893398938,sd,boxplot
abramova_2021_front_f2b.png,Rearing freq,PS_m_re,3.931185944,2.484091158,24,NA,0.507062984,sd,boxplot
abramova_2021_front_f2c.png,Total freezing time,C_f_fr,38.5881104,40.52432915,29,NA,7.525179007,sd,boxplot
abramova_2021_front_f2c.png,Total freezing time,C_m_fr,33.81104034,26.97291015,30,NA,4.92455711,sd,boxplot
abramova_2021_front_f2c.png,Total freezing time,PS_f_fr,64.59660297,45.86809721,29,NA,8.517491823,sd,boxplot
abramova_2021_front_f2c.png,Total freezing time,PS_m_fr,76.91082803,51.44251313,24,NA,10.50065902,sd,boxplot
abramova_2024_devneur_fig2a.png,Open arm duration (s),Con_f_oa,45.55734764,30.69929299,37,NA,5.046932679,sd,boxplot
abramova_2024_devneur_fig2a.png,Open arm duration (s),Con_m_oa,53.82380662,29.5068712,35,NA,4.987571548,sd,boxplot
abramova_2024_devneur_fig2a.png,Open arm duration (s),PS_f_oa,27.87984306,17.52221174,49,NA,2.503173106,sd,boxplot
abramova_2024_devneur_fig2a.png,Open arm duration (s),PS_m_oa,38.3506911,24.98538056,44,NA,3.766687843,sd,boxplot
abramova_2024_devneur_fig2b.png,Head-dippingfreq,Con_f_hd,10.19748963,5.755039194,37,NA,0.946122615,sd,boxplot
abramova_2024_devneur_fig2b.png,Head-dippingfreq,Con_m_hd,11.55435633,6.924129511,35,NA,1.170391503,sd,boxplot
abramova_2024_devneur_fig2b.png,Head-dippingfreq,PS_f_hd,4.458196327,3.087742083,49,NA,0.441106012,sd,boxplot
abramova_2024_devneur_fig2b.png,Head-dippingfreq,PS_m_hd,8.545651912,5.257149804,44,NA,0.792545153,sd,boxplot
abramova_2024_devneur_fig2c.png,Freezing time (s),Con_f_fr,2.587772397,3.448946316,37,NA,0.567003282,sd,boxplot
abramova_2024_devneur_fig2c.png,Freezing time (s),PS_f_fr,20.83837772,19.55296269,49,NA,2.793280385,sd,boxplot
abramova_2024_devneur_fig2c.png,Freezing time (s),Con_m_fr,1.225786925,2.01901042,35,NA,0.341275049,sd,boxplot
abramova_2024_devneur_fig2c.png,Freezing time (s),PS_m_fr,3.268765133,3.720347081,44,NA,0.560863425,sd,boxplot
abramova_2024_devneur_fig2d.png,Grooming,Con_f_gd,22.57174393,14.11527421,37,NA,2.320536786,sd,boxplot
abramova_2024_devneur_fig2d.png,Grooming,Con_m_gd,28.31125828,19.54112996,35,NA,3.303053826,sd,boxplot
abramova_2024_devneur_fig2d.png,Grooming,PS_f_gd,30.57395143,22.63040125,49,NA,3.232914464,sd,boxplot
abramova_2024_devneur_fig2d.png,Grooming,PS_m_gd,48.3995585,27.76232652,44,NA,4.185328199,sd,boxplot
abramova_2024_devneur_fig2e.png,Mean grooming,Con_f_mg,6.97243346,3.610373839,37,NA,0.593541803,sd,boxplot
abramova_2024_devneur_fig2e.png,Mean grooming,Con_m_mg,7.129277567,4.672341193,35,NA,0.789769808,sd,boxplot
abramova_2024_devneur_fig2e.png,Mean grooming,PS_f_mg,7.614068441,4.632225158,49,NA,0.661746451,sd,boxplot
abramova_2024_devneur_fig2e.png,Mean grooming,PS_m_mg,12.14828897,7.166962673,44,NA,1.080460276,sd,boxplot
abramova_2024_devneur_fig3a.png,Center entries,Con_f_ce,2.455752212,1.207591982,37,NA,0.198526899,sd,boxplot
abramova_2024_devneur_fig3a.png,Center entries,Con_m_ce,2.873340708,1.494822539,35,NA,0.252671126,sd,boxplot
abramova_2024_devneur_fig3a.png,Center entries,PS_f_ce,2.201327434,1.905488761,49,NA,0.27221268,sd,boxplot
abramova_2024_devneur_fig3a.png,Center entries,PS_m_ce,1.482300885,1.354756188,44,NA,0.20423718,sd,boxplot
abramova_2024_devneur_fig3b.png,Number of crossing squares,Con_f_cs,50.7046332,14.37829264,37,NA,2.36377675,sd,boxplot
abramova_2024_devneur_fig3b.png,Number of crossing squares,Con_m_cs,45.52123552,13.14552608,35,NA,2.22199946,sd,boxplot
abramova_2024_devneur_fig3b.png,Number of crossing squares,PS_f_cs,44.21814672,17.61374147,49,NA,2.516248781,sd,boxplot
abramova_2024_devneur_fig3b.png,Number of crossing squares,PS_m_cs,32.54826255,13.67224091,44,NA,2.06116787,sd,boxplot
abramova_2024_devneur_fig3c.png,Number of rearing,Con_m_re,21.46103896,9.728096731,35,NA,1.644348468,sd,boxplot
abramova_2024_devneur_fig3c.png,Number of rearing,PS_f_re,23.44155844,10.99203232,49,NA,1.570290331,sd,boxplot
abramova_2024_devneur_fig3c.png,Number of rearing,Con_f_re,21.47727273,5.566939064,37,NA,0.915199145,sd,boxplot
abramova_2024_devneur_fig3c.png,Number of rearing,PS_m_re,15.37337662,8.007724203,44,NA,1.207209846,sd,boxplot
abramova_2024_devneur_fig3d.png,Freezing time,Con_f_fr,10.50796813,10.735397,37,NA,1.764888395,sd,boxplot
abramova_2024_devneur_fig3d.png,Freezing time,Con_m_fr,17.03187251,15.77453886,35,NA,2.666383727,sd,boxplot
abramova_2024_devneur_fig3d.png,Freezing time,PS_f_fr,31.12549801,30.81371214,49,NA,4.401958878,sd,boxplot
abramova_2024_devneur_fig3d.png,Freezing time,PS_m_fr,51.69322709,49.01926814,44,NA,7.389932723,sd,boxplot
abramova_2024_devneur_fig3e.png,Grooming duration,Con_f_grd,25.06868132,13.32032077,37,NA,2.189847245,sd,boxplot
abramova_2024_devneur_fig3e.png,Grooming duration,Con_m_grd,17.34203297,8.329375537,35,NA,1.407921435,sd,boxplot
abramova_2024_devneur_fig3e.png,Grooming duration,PS_f_grd,29.12087912,17.1991404,49,NA,2.457020058,sd,boxplot
abramova_2024_devneur_fig3e.png,Grooming duration,PS_m_grd,40.38461538,25.29680847,44,NA,3.813637368,sd,boxplot
abramova_2024_devneur_fig3f.png,grooming frequency,Con_f_gf,3.615029183,2.125589312,37,NA,0.34944473,sd,boxplot
abramova_2024_devneur_fig3f.png,grooming frequency,Con_m_gf,3.169990272,1.495527789,35,NA,0.252790335,sd,boxplot
abramova_2024_devneur_fig3f.png,grooming frequency,PS_f_gf,4.490515564,2.178578506,49,NA,0.311225501,sd,boxplot
abramova_2024_devneur_fig3f.png,grooming frequency,PS_m_gf,4.464980545,2.775755806,44,NA,0.418460933,sd,boxplot
abramova_2024_devneur_fig4a.png,Immobility time,Con_f_ti,49.75577265,27.37286279,14,NA,7.315705304,sd,boxplot
abramova_2024_devneur_fig4a.png,Immobility time,Con_m_ti,103.9742451,44.64938114,12,NA,12.88916611,sd,boxplot
abramova_2024_devneur_fig4a.png,Immobility time,PS_f_ti,86.12344583,19.42532464,13,NA,5.387615696,sd,boxplot
abramova_2024_devneur_fig4a.png,Immobility time,PS_m_ti,128.285968,46.06468311,14,NA,12.31130442,sd,boxplot
arjunan_2023_stress_fig3B_cen.png,Duration (Sec),Con_cen,251.3358779,26.33587786,6,NA,10.75157712,sd,mean_error
arjunan_2023_stress_fig3B_cen.png,Duration (Sec),Egs_cen,178.6259542,16.60305344,6,NA,6.778168181,sd,mean_error
arjunan_2023_stress_fig3B_cen.png,Duration (Sec),Lgs_cen,134.5419847,9.732824427,6,NA,3.973408934,sd,mean_error
arjunan_2023_stress_fig3B_cen.png,Duration (Sec),Fgs_cen,103.0534351,10.8778626,6,NA,4.440868808,sd,mean_error
arjunan_2023_stress_fig3B_peri.png,Duration (sec),Con_per,98.24902724,25.77821012,6,NA,10.52391021,sd,mean_error
arjunan_2023_stress_fig3B_peri.png,Duration (sec),Egs_per,151.7509728,17.50972763,6,NA,7.14831637,sd,mean_error
arjunan_2023_stress_fig3B_peri.png,Duration (sec),Lgs_per,180.4474708,8.754863813,6,NA,3.574158185,sd,mean_error
arjunan_2023_stress_fig3B_peri.png,Duration (sec),Fgs_per,214.0077821,10.21400778,6,NA,4.169851216,sd,mean_error
badache_2017_stress_5a.png,Time in corners,Cn_cor,216.8918919,47.02702703,16,NA,11.75675676,se,mean_error
badache_2017_stress_5a.png,Time in corners,Ns_cor,253.7837838,51.89189189,16,NA,12.97297297,se,mean_error
badache_2017_stress_5b.png,Crossed squares,Cn_sq,70.43824701,16.14873838,16,NA,4.037184595,se,mean_error
badache_2017_stress_5b.png,Crossed squares,Ns_sq,45.25896414,8.924302789,16,NA,2.231075697,se,mean_error
badache_2017_stress_5c.png,Time in center,Cn_cen,4.133597884,0.925925926,16,NA,0.231481481,se,mean_error
badache_2017_stress_5c.png,Time in center,Ns_cen,0.178571429,0.264550265,16,NA,0.066137566,se,mean_error
badache_2017_stress_5d.png,Rearing time,Cn_re,22.00386598,5.025773196,16,NA,1.256443299,se,mean_error
badache_2017_stress_5d.png,Rearing time,Ns_re,8.537371134,1.932989691,16,NA,0.483247423,se,mean_error
badache_2017_stress_6a.png,Time in open arms,Cn_oat,135.5102041,31.83673469,16,NA,7.959183673,se,mean_error
badache_2017_stress_6a.png,Time in open arms,Ns_oat,67.95918367,14.69387755,16,NA,3.673469388,se,mean_error
badache_2017_stress_6b.png,Rearing time,Cn_rt,18.11643836,4.520547945,16,NA,1.130136986,se,mean_error
badache_2017_stress_6b.png,Rearing time,Ns_rt,7.773972603,2.054794521,16,NA,0.51369863,se,mean_error
barzegar_2014_figure2a.png,Number of entries to the open arms (%),CON,32.06666667,10.96256256,10,NA,3.466666667,se,mean_error
barzegar_2014_figure2a.png,Number of entries to the open arms (%),N1,33.93333333,19.60612149,10,NA,6.2,se,mean_error
barzegar_2014_figure2a.png,Number of entries to the open arms (%),N2,14.26666667,8.432740427,10,NA,2.666666667,se,mean_error
barzegar_2014_figure2a.png,Number of entries to the open arms (%),N4,15.33333333,8.854377448,10,NA,2.8,se,mean_error
barzegar_2014_figure2b.png,Duration in open arms (%),CON,30.01564945,6.408684773,10,NA,2.026604069,se,mean_error
barzegar_2014_figure2b.png,Duration in open arms (%),N1,30.78247261,4.330192414,10,NA,1.369327074,se,mean_error
barzegar_2014_figure2b.png,Duration in open arms (%),N2,21.5258216,5.715853987,10,NA,1.807511737,se,mean_error
barzegar_2014_figure2b.png,Duration in open arms (%),N4,16.92488263,8.313969435,10,NA,2.629107981,se,mean_error
hadizadeh_2018_irjbamedsci_fig2A.png,Open arm entries (%),CON_en,57.82378642,6.438038105,6,NA,2.62831805,se,mean_error
hadizadeh_2018_irjbamedsci_fig2A.png,Open arm entries (%),ST_en,20.82513182,2.839128764,6,NA,1.159069464,se,mean_error
hadizadeh_2018_irjbamedsci_fig2B.png,Open arm time (%),CON_ti,42.47663551,2.47238217,6,NA,1.009345794,se,mean_error
hadizadeh_2018_irjbamedsci_fig2B.png,Open arm time (%),ST_ti,19.00934579,4.12063695,6,NA,1.682242991,se,mean_error
hassanvand_2012_phyphar_Figure2.png,Number of Behaviour (Count/10min),Exp_rear,23.05699482,1.986183074,6,NA,0.810855845,sd,mean_error
hassanvand_2012_phyphar_Figure2.png,Number of Behaviour (Count/10min),Control_loco,28.92918826,4.058721934,6,NA,1.656966291,sd,mean_error
hassanvand_2012_phyphar_Figure2.png,Number of Behaviour (Count/10min),Exp_loco,30.82901554,2.07253886,6,NA,0.846110447,sd,mean_error
hassanvand_2012_phyphar_Figure2.png,Number of Behaviour (Count/10min),Control_sniff,44.00388405,2.183118579,6,NA,0.891254428,sd,mean_error
hassanvand_2012_phyphar_Figure2.png,Number of Behaviour (Count/10min),Control_rear,15.45768566,1.208981002,6,NA,0.493564427,sd,mean_error
hassanvand_2012_phyphar_Figure2.png,Number of Behaviour (Count/10min),Exp_sniff,38.34196891,2.763385147,6,NA,1.128147262,sd,mean_error
nishio_2006_intjdevlneur_fig2a.png,Time in open arms %,pre_n_m_oat,27.15846995,13.80741429,5,NA,6.174863388,se,mean_error
nishio_2006_intjdevlneur_fig2a.png,Time in open arms %,pre_so_m_oat,24.15300546,7.942317953,5,NA,3.551912568,se,mean_error
nishio_2006_intjdevlneur_fig2a.png,Time in open arms %,pre_N_f_oat,18.68852459,6.84261239,5,NA,3.06010929,se,mean_error
nishio_2006_intjdevlneur_fig2a.png,Time in open arms %,pre_so_f_oat,29.23497268,13.80741429,5,NA,6.174863388,se,mean_error
nishio_2006_intjdevlneur_fig2b.png,Entries open arms %,pre_n_m_oae,39.61325967,9.636094047,5,NA,4.309392265,se,mean_error
nishio_2006_intjdevlneur_fig2b.png,Entries open arms %,pre_so_m_oae,46.65745856,7.782999038,5,NA,3.480662983,se,mean_error
nishio_2006_intjdevlneur_fig2b.png,Entries open arms %,pre_n_f_oae,33.06629834,7.597689537,5,NA,3.397790055,se,mean_error
nishio_2006_intjdevlneur_fig2b.png,Entries open arms %,pre_so_f_oae,42.09944751,14.82476007,5,NA,6.629834254,se,mean_error
nishio_2006_intjdevlneur_fig2c.png,Closed Arm Entries,pre_n_m_cae,3.973684211,1.70647293,5,NA,0.763157895,se,mean_error
nishio_2006_intjdevlneur_fig2c.png,Closed Arm Entries,pre_so_m_cae,3.578947368,1.176877883,5,NA,0.526315789,se,mean_error
nishio_2006_intjdevlneur_fig2c.png,Closed Arm Entries,pre_n_f_cae,6.684210526,2.41259966,5,NA,1.078947368,se,mean_error
nishio_2006_intjdevlneur_fig2c.png,Closed Arm Entries,pre_so_f_cae,4.552631579,1.147455936,5,NA,0.513157895,se,mean_error
oliveira_2015_jbehavbraisci_fig2b.png,Avoidance latency,C_A1,56.47668394,118.461506,12,NA,34.19689119,se,mean_error
oliveira_2015_jbehavbraisci_fig2b.png,Avoidance latency,C_A2,103.1088083,129.2307338,12,NA,37.30569948,se,mean_error
oliveira_2015_jbehavbraisci_fig2b.png,Avoidance latency,C_BL,9.32642487,25.12819824,12,NA,7.25388601,se,mean_error
oliveira_2015_jbehavbraisci_fig2b.png,Avoidance latency,IE_BL,6.21761658,14.35897043,12,NA,4.14507772,se,mean_error
oliveira_2015_jbehavbraisci_fig2b.png,Avoidance latency,IE_A1,86.52849741,131.0256051,12,NA,37.8238342,se,mean_error
oliveira_2015_jbehavbraisci_fig2b.png,Avoidance latency,IE_A2,136.2694301,147.1794469,12,NA,42.48704663,se,mean_error
oliveira_2015_jbehavbraisci_fig3b.png,Escape latency (time in open arms),C_F1,5.342857143,3.859998943,12,NA,1.114285714,se,mean_error
oliveira_2015_jbehavbraisci_fig3b.png,Escape latency (time in open arms),C_F2,6.8,8.016920881,12,NA,2.314285714,se,mean_error
oliveira_2015_jbehavbraisci_fig3b.png,Escape latency (time in open arms),C_F3,6.457142857,7.719997885,12,NA,2.228571429,se,mean_error
oliveira_2015_jbehavbraisci_fig3b.png,Escape latency (time in open arms),IE_F1,6.542857143,8.214869544,12,NA,2.371428571,se,mean_error
oliveira_2015_jbehavbraisci_fig3b.png,Escape latency (time in open arms),IE_F2,6.6,4.057947606,12,NA,1.171428571,se,mean_error
oliveira_2015_jbehavbraisci_fig3b.png,Escape latency (time in open arms),IE_F3,13.2,15.43999577,12,NA,4.457142857,se,mean_error
pavlov_2023_molsci_Fig4A.png,Sucrose preference %,NonSt_su,71.59887798,9.720233788,10,NA,3.073807816,sd,boxplot
pavlov_2023_molsci_Fig4A.png,Sucrose preference %,US_su,40.48036466,13.49358108,14,NA,3.606311237,sd,boxplot
pavlov_2023_molsci_Fig4C.png,Squared crossed,NonSt_sq,10.55444887,6.171788926,10,NA,1.951691024,sd,boxplot
pavlov_2023_molsci_Fig4C.png,Squared crossed,Us_sq,6.397742364,3.170188603,14,NA,0.847268543,sd,boxplot
pavlov_2023_molsci_Fig4D.png,Time in center,NonSt_csq,71.65678524,17.50034586,10,NA,5.534095276,sd,boxplot
pavlov_2023_molsci_Fig4D.png,Time in center,US_csq,25.98814229,11.14510851,14,NA,2.978655543,sd,boxplot
pavlov_2023_molsci_Fig4E.png,Time in open arms,NonSt_oat,69.16996047,20.83938418,10,NA,6.589991903,sd,boxplot
pavlov_2023_molsci_Fig4E.png,Time in open arms,US_oat,25.41996047,9.555003808,14,NA,2.553682184,sd,boxplot
pavlov_2023_molsci_Fig4F.png,Open arms entries,NonSt_oae,13.27165757,5.437726115,10,NA,1.719559982,sd,boxplot
pavlov_2023_molsci_Fig4F.png,Open arms entries,US_oae,8.684345157,4.225052553,14,NA,1.129192792,sd,boxplot
whitlow_1978_thesis_fig2.png,Amount of ambulation,HN_1,71.22853369,3.308317219,20,NA,0.739762219,se,mean_error
whitlow_1978_thesis_fig2.png,Amount of ambulation,HNoN_1,65.62747688,2.363083728,20,NA,0.528401585,se,mean_error
whitlow_1978_thesis_fig2.png,Amount of ambulation,HLN_1,60.87186262,3.308317219,20,NA,0.739762219,se,mean_error
whitlow_1978_thesis_fig2.png,Amount of ambulation,HN_2,42.8005284,3.308317219,20,NA,0.739762219,se,mean_error
whitlow_1978_thesis_fig2.png,Amount of ambulation,HNoN_2,39.73579921,3.780933965,20,NA,0.845442536,se,mean_error
whitlow_1978_thesis_fig2.png,Amount of ambulation,HLN_2,36.88243065,2.363083728,20,NA,0.528401585,se,mean_error
whitlow_1978_thesis_fig2.png,Amount of ambulation,HN_3,26.73712021,3.780933965,20,NA,0.845442536,se,mean_error
whitlow_1978_thesis_fig2.png,Amount of ambulation,HNoN_3,17.33157199,2.835700473,20,NA,0.634081902,se,mean_error
whitlow_1978_thesis_fig2.png,Amount of ambulation,HLN_3,15.74636724,3.308317219,20,NA,0.739762219,se,mean_error
whitlow_1978_thesis_fig2.png,Amount of ambulation,C_1_sq,45.76710807,3.404835474,20,NA,0.761344357,se,mean_error
whitlow_1978_thesis_fig2.png,Amount of ambulation,C_2_sq,31.7366192,2.918430407,20,NA,0.652580878,se,mean_error
whitlow_1978_thesis_fig2.png,Amount of ambulation,C_3_sq,19.12005556,2.918430407,20,NA,0.652580878,se,mean_error
whitlow_1978_thesis_fig4.png,Grooming frequency,HN_1_gr,3.680878553,0.323565392,20,NA,0.072351421,se,mean_error
whitlow_1978_thesis_fig4.png,Grooming frequency,HNoN_1_gr,4.476744186,0.323565392,20,NA,0.072351421,se,mean_error
whitlow_1978_thesis_fig4.png,Grooming frequency,HLN_1_gr,3.708010336,0.323565392,20,NA,0.072351421,se,mean_error
whitlow_1978_thesis_fig4.png,Grooming frequency,HN_2_gr,5.670542636,0.323565392,20,NA,0.072351421,se,mean_error
whitlow_1978_thesis_fig4.png,Grooming frequency,HNoN_2_gr,6.394056848,0.364011066,20,NA,0.081395349,se,mean_error
whitlow_1978_thesis_fig4.png,Grooming frequency,HLN_2_gr,4.802325581,0.283119718,20,NA,0.063307494,se,mean_error
whitlow_1978_thesis_fig4.png,Grooming frequency,HN_3_gr,3.689922481,0.242674044,20,NA,0.054263566,se,mean_error
whitlow_1978_thesis_fig4.png,Grooming frequency,HNoN_3_gr,3.843669251,0.283119718,20,NA,0.063307494,se,mean_error
whitlow_1978_thesis_fig4.png,Grooming frequency,HLN_3_gr,3.074935401,0.364011066,20,NA,0.081395349,se,mean_error
whitlow_1978_thesis_fig4.png,Grooming frequency,C_1_gr,4.052587909,0.333005227,20,NA,0.074462232,se,mean_error
whitlow_1978_thesis_fig4.png,Grooming frequency,C_2_gr,3.512736724,0.208128267,20,NA,0.046538895,se,mean_error
whitlow_1978_thesis_fig4.png,Grooming frequency,C_3_gr,3.84781677,0.24975392,20,NA,0.055846674,se,mean_error
whitlow_1978_thesis_fig5.png,Amount of defecation,HN_1_def,2.377659574,0.142727743,20,NA,0.031914894,se,mean_error
whitlow_1978_thesis_fig5.png,Amount of defecation,HNoN_1_de,1.73537234,0.178409679,20,NA,0.039893617,se,mean_error
whitlow_1978_thesis_fig5.png,Amount of defecation,HLN_1_de,2.022606383,0.160568711,20,NA,0.035904255,se,mean_error
whitlow_1978_thesis_fig5.png,Amount of defecation,HN_2_de,1.982712766,0.142727743,20,NA,0.031914894,se,mean_error
whitlow_1978_thesis_fig5.png,Amount of defecation,HNoN_2_de,2.218085106,0.160568711,20,NA,0.035904255,se,mean_error
whitlow_1978_thesis_fig5.png,Amount of defecation,HLN_2_de,1.831117021,0.124886775,20,NA,0.027925532,se,mean_error
whitlow_1978_thesis_fig5.png,Amount of defecation,HN_3_de,2.573138298,0.160568711,20,NA,0.035904255,se,mean_error
whitlow_1978_thesis_fig5.png,Amount of defecation,HNoN_3_de,1.140957447,0.178409679,20,NA,0.039893617,se,mean_error
whitlow_1978_thesis_fig5.png,Amount of defecation,HLN_3_de,2.86037234,0.124886775,20,NA,0.027925532,se,mean_error
whitlow_1978_thesis_fig5.png,Amount of defecation,C_1_de,2.384946908,0.110168807,20,NA,0.024634494,se,mean_error
whitlow_1978_thesis_fig5.png,Amount of defecation,C_2_de,1.526845358,0.110168807,20,NA,0.024634494,se,mean_error
whitlow_1978_thesis_fig5.png,Amount of defecation,C_3_de,2.774993066,0.110168807,20,NA,0.024634494,se,mean_error